ts,phase,some_delta,full_delta,mem_available,pgscan_direct,pgsteal_direct,pgmajfault,workingset_refault,allocstall,pswpin,pswpout
1772371048859,idle,667179,119363,4691860,1705452,1318029,176699,470954,4,169383,599902
1772371049706,idle,3178,1255,4651512,0,0,991,8800,0,902,0
1772371050599,idle,1123,12,4639084,0,0,1235,15264,0,1151,0
1772371051408,cold_start,7394,936,4553476,0,0,5450,24801,0,5499,0
1772371052167,cold_start,3501,484,4300688,0,0,1639,33973,0,1329,0
1772371052925,cold_start,650,8,4418848,0,0,124,210,0,43,0
1772371053658,cold_start,203,0,4420204,0,0,176,1007,0,166,0
1772371054396,cold_start,1981,20,4412700,0,0,1506,2562,0,1493,0
1772371055130,cold_start,23,0,4402140,0,0,5,225,0,9,0
1772371055869,cold_start,98,0,4409868,0,0,41,40,0,38,0
1772371056613,cold_start,890,655,4384680,0,0,214,242,0,221,0
1772371057359,cold_start,737,389,4410796,0,0,90,230,0,80,0
1772371058130,cold_start,168,3,4410720,0,0,344,342,0,350,0
1772371058874,cold_start,281,61,4387948,0,0,337,1051,0,281,0
1772371059635,cold_start,40,0,4393588,0,0,22,22,0,21,0
1772371060392,cold_start,60,0,4384260,0,0,34,26,0,34,0
1772371061153,cold_start,21,0,4366852,0,0,10,18,0,11,0
1772371061915,cold_start,325,0,4390348,0,0,66,71,0,68,0
1772371062760,cold_start,36,0,4389184,0,0,9,9,0,7,0
1772371063544,cold_start,221,0,4309144,0,0,544,1240,0,824,0
1772371064314,cold_start,3950,902,4179020,0,0,964,3767,0,813,0
1772371065096,cold_start,5319,108,3964744,0,0,1764,6366,0,2785,0
1772371065877,cold_start,9186,432,3733800,0,0,5460,10782,0,3987,0
1772371066612,cold_start,944,3,3529232,0,0,1503,2809,0,1806,0
1772371067364,cold_start,4739,966,3784012,0,0,1692,5247,0,1260,0
1772371068146,cold_start,467,357,3732768,0,0,70,124,0,58,0
1772371068895,cold_start,283,0,3699808,0,0,54,55,0,52,0
1772371069681,cold_start,12,0,3693576,0,0,3,0,0,1,0
1772371070570,cold_start,39,0,3702612,0,0,11,14,0,24,0
1772371071398,cold_start,164,25,3696472,0,0,41,46,0,27,0
1772371072204,cold_start,109,0,3668528,0,0,32,28,0,28,0
1772371073037,cold_start,8052,1130,3692556,0,0,171,1761,0,171,0
1772371073925,cold_start,115,28,3686028,0,0,17,34,0,15,0
1772371074782,cold_start,35,0,3667500,0,0,23,6,0,18,0
1772371075564,cold_start,45,0,3650740,0,0,11,147,0,9,0
1772371076338,cold_start,1570,285,3447380,0,0,528,6151,0,277,0
1772371077173,cold_start,8372,1850,3287700,0,0,444,5877,0,245,0
1772371077830,cold_start,205,37,3249024,0,0,27,88,0,21,0
1772371078570,cold_start,149,0,2879924,0,0,244,235,0,149,22
1772371079375,cold_start,11801,3422,3011256,0,0,663,750,0,536,0
1772371080209,cold_start,63,20,2957872,0,0,14,4,0,2,0
1772371081038,cold_start,0,0,2954820,0,0,0,0,0,0,0
1772371081895,cold_start,67,58,2949012,0,0,3,1,0,0,0
1772371082710,cold_start,0,0,2953084,0,0,1,0,0,0,0
1772371083520,cold_start,47,42,2945020,0,0,19,410,0,4,0
1772371084374,cold_start,104,66,2938008,0,0,0,6,0,5,0
1772371085227,cold_start,642,45,2935848,0,0,203,599,0,196,0
1772371086077,cold_start,13,0,2928304,0,0,6,6,0,6,0
1772371086936,cold_start,4426,950,2987212,0,0,549,786,0,545,79
1772371087753,cold_start,48,8,2881680,0,0,10,11,0,6,0
1772371088618,cold_start,725,22,2872844,0,0,185,172,0,162,1439
1772371089480,cold_start,61044,20776,2835908,0,0,499,2104,0,436,5979
1772371090305,cold_start,27612,4917,2751528,0,0,78,1535,0,36,740
1772371091138,cold_start,31457,7373,2593768,0,0,118,586,0,122,1
1772371091908,cold_start,15984,3596,2586168,0,0,105,2233,0,73,0
1772371092751,cold_start,1611,353,2629912,0,0,13,206,0,6,0
1772371093656,cold_start,692,33,2624980,0,0,11,507,0,8,0
1772371094567,cold_start,210,0,2594692,0,0,76,3009,0,62,0
1772371095534,cold_start,23,0,2623624,0,0,2,2,0,5,0
1772371096485,cold_start,58,0,2623516,0,0,11,274,0,4,0
1772371097367,cold_start,954,390,2595968,0,0,144,3060,0,106,0
1772371098270,cold_start,623,12,2626488,0,0,138,376,0,144,7247
1772371099149,cold_start,48,0,2649348,0,0,19,50,0,16,10122
1772371100081,cold_start,1701,630,2622512,0,0,191,1578,0,189,0
1772371100999,cold_start,27592,10575,2486336,13574,9503,414,2775,108,271,5
1772371101837,cold_start,32726,7983,2244864,0,0,207,496,0,166,2
1772371102634,cold_start,39105,9418,2003068,9294,1580,228,5841,37,190,124
1772371103532,cold_start,59603,19444,1816436,1504,439,1008,7768,0,671,1424
1772371104315,cold_start,5241,2395,2085136,0,0,448,1265,0,451,0
1772371105085,cold_start,18,0,2075296,0,0,5,519,0,5,0
1772371105973,cold_start,18,0,2073816,0,0,14,400,0,13,0
1772371106819,cold_start,255,7,2050536,0,0,37,251,0,35,0
1772371107680,cold_start,38,0,2053160,0,0,76,49,0,33,0
1772371108448,cold_start,11,0,2051464,0,0,7,7,0,8,0
1772371109256,cold_start,5275,956,2019112,0,0,402,15643,0,369,0
1772371109951,cold_start,2210,893,2017564,0,0,21,311,0,4,3179
1772371110709,cold_start,726,240,2051644,0,0,62,1339,0,78,19257
1772371111436,cold_start,45,0,2041312,0,0,30,57,0,26,3835
1772371112215,cold_start,231,7,1987324,0,0,23,55,0,14,0
1772371113041,cold_start,195,0,1939492,0,304,204,518,25,223,7754
1772371113804,cold_start,104100,62627,1971332,18768,4431,602,2074,61,180,33042
1772371114641,cold_start,27595,15835,1771972,0,0,4063,8129,0,3552,0
1772371115366,cold_start,546,259,1610180,0,0,457,172,0,54,3169
1772371116233,cold_start,190968,41814,1602860,47960,25284,855,20773,447,611,35935
1772371117092,cold_start,147264,33576,1646312,22619,15046,866,9225,301,276,21860
1772371118073,cold_start,173032,33715,2072084,7869,3057,8341,35888,13,8101,30974
1772371118919,cold_start,60780,18925,2053796,0,0,3417,17125,0,2895,22728
1772371119742,cold_start,129610,48646,2018184,4883,3753,1620,12377,65,1675,32173
1772371120642,cold_start,92891,45734,1982112,632,218,901,6991,9,592,30045
1772371121579,cold_start,114604,44641,2019468,291,258,1820,10857,0,1511,19540
1772371122387,cold_start,29442,9385,2021200,194,194,353,6952,10,117,16082
1772371123244,cold_start,52454,14016,2259472,775,581,745,16304,0,520,7018
1772371124103,cold_start,130401,22425,2385332,1970,1805,14381,35157,21,14092,29923
1772371124899,cold_start,62709,32941,2329516,0,0,436,3101,0,143,10594
1772371125638,cold_start,35599,24373,2263468,1954,1640,393,579,26,270,21013
1772371126391,cold_start,121897,39162,2212140,6005,4300,1063,9314,67,576,26153
1772371127275,cold_start,61019,18796,2235984,0,0,1102,23602,0,786,3894
1772371128045,cold_start,98603,32678,2114772,0,0,583,9441,0,622,38759
1772371128866,cold_start,71352,31553,2337376,936,707,496,9741,9,585,19431
1772371129647,cold_start,3425,43,2074532,0,0,253,5287,0,1955,6650
1772371130449,cold_start,51678,31717,2062708,0,0,2602,7377,0,797,20046
1772371131250,cold_start,35068,26269,2060664,0,0,482,3927,0,403,7564
1772371132156,cold_start,6396,3895,2229496,0,0,397,1597,0,379,0
1772371132931,cold_start,1454,989,2208488,0,0,113,728,0,47,0
1772371133774,cold_start,1075,562,2206168,0,0,186,610,0,462,0
1772371134622,cold_start,1474,723,2209740,0,0,367,792,0,52,0
1772371135532,cold_start,157,102,2237076,0,0,7,173,0,5,784
1772371136329,cold_start,4192,1366,2257100,0,0,786,2342,0,774,20621
1772371137116,cold_start,1141,809,2293824,0,0,168,1330,0,108,14226
1772371137968,cold_start,6882,5299,2236868,8704,3567,552,3975,62,419,11340
1772371138783,cold_start,94783,45423,2159788,2172,1768,663,4656,24,375,27575
1772371139568,cold_start,80770,30509,2013324,587,593,1644,19063,7,1555,30189
1772371140418,cold_start,92546,36438,1820004,675,475,849,6509,186,575,18862
1772371141300,cold_start,115870,47768,2075076,13382,9520,804,21941,10,452,26846
1772371141986,cold_start,16389,10926,1966580,0,0,372,24156,0,67,19880
1772371142783,cold_start,92092,29160,2117220,0,0,281,22302,0,56,8242
1772371143409,cold_start,33159,16745,2104060,0,0,336,12059,0,229,9454
1772371144148,cold_start,7378,4897,2110264,0,0,122,9973,0,53,2249
1772371144917,cold_start,6240,4172,2113836,0,0,36,1010,0,28,0
1772371145680,cold_start,1933,809,2109268,0,0,175,2959,0,159,591
1772371146436,cold_start,2162,1210,2117832,0,0,93,3244,0,61,0
1772371147191,cold_start,200,0,2132672,0,0,711,1318,0,708,0
1772371147896,cold_start,776,358,2154632,0,0,9,148,0,7,12707
1772371148649,cold_start,691,181,2205852,0,0,32,496,0,25,15969
1772371149410,cold_start,253,99,2233180,0,0,6,118,0,3,8002
1772371150293,cold_start,2826,1021,2177168,0,0,1580,2433,0,4077,2467
1772371151030,cold_start,69137,23816,2053164,15973,18053,3424,7222,456,761,22275
1772371152054,cold_start,169474,39667,1919420,14059,11389,638,6010,9,453,25630
1772371152859,cold_start,20823,13312,1890060,0,0,124,2353,0,81,10493
1772371153807,cold_start,53898,47951,1978772,0,0,50,1684,0,31,5382
1772371154743,cold_start,2029,1100,1936664,0,0,325,5156,0,296,0
1772371155596,cold_start,16423,6500,1868032,0,0,757,5783,0,438,2502
1772371156407,cold_start,7756,2804,1915852,0,0,83,1801,0,32,1476
1772371157195,cold_start,1796,805,1899532,0,0,13,140,0,6,1550
1772371157993,cold_start,7626,5891,1913460,0,0,15,196,0,11,0
1772371158865,cold_start,2319,303,1890256,0,0,440,1081,0,432,655
1772371159737,cold_start,1228,817,1913336,0,0,0,0,0,2,0
1772371160574,cold_start,1758,417,1906748,0,0,659,1045,0,662,4517
1772371161410,cold_start,1725,926,1900780,0,0,55,592,0,63,17339
1772371162184,cold_start,36996,9718,1927168,0,0,6547,19109,0,6860,3474
1772371162857,cold_start,33600,8018,1880144,369,2525,4043,6498,44,3475,6149
1772371163649,cold_start,83101,39613,1773276,3538,1019,458,5173,37,184,27229
1772371164505,cold_start,62980,30220,1760672,2029,1474,314,4673,7,93,9733
1772371165259,cold_start,107668,46992,1760320,13233,11156,2177,36687,337,2364,51852
1772371166250,cold_start,309435,53882,1925544,43945,27751,11205,53501,411,12050,11371
1772371167089,cold_start,145632,445,1757308,0,0,8929,18315,0,7559,0
1772371167808,cold_start,59119,220,1751364,0,0,11642,12166,0,11169,0
1772371168541,cold_start,105799,2663,1679272,0,0,7680,7877,7,6589,5866
1772371169289,cold_start,241869,72109,1699224,2962,1820,4173,9117,24,3996,14329
1772371169977,cold_start,152574,25325,1631764,5416,1983,2317,10206,34,2488,1414
1772371170600,cold_start,59919,943,1590408,0,0,9328,9143,0,8318,0
1772371171238,cold_start,78614,34878,1554768,0,0,8454,11154,19,8839,2912
1772371171978,cold_start,89510,51993,1593760,2837,1138,6184,8724,2,5297,17335
1772371172731,cold_start,33347,11749,1638876,0,0,4051,6009,0,3093,11219
1772371173427,cold_start,4334,270,1656104,0,0,595,1838,0,218,10769
1772371174132,cold_start,551,6,1571884,0,0,878,624,0,680,14159
1772371174844,launch_douyin,4709,19,1537048,0,0,2107,2091,0,2215,8265
1772371175612,launch_douyin,38399,22647,1483732,2936,4761,2695,3239,92,1929,15734
1772371176494,launch_douyin,106366,45395,1531772,2845,0,1899,8032,0,452,29714
1772371177311,launch_douyin,105186,39394,1587916,9950,8681,2700,17015,184,2048,35554
1772371178125,launch_douyin,97737,42574,1681584,11803,1911,5543,21402,0,5206,25081
1772371178840,launch_douyin,131567,64467,1735484,3577,1419,8599,19184,27,8730,24973
1772371179675,launch_douyin,15755,4313,1822744,0,0,925,3431,0,336,0
1772371180433,launch_douyin,1371,170,1666584,0,0,1184,710,0,615,0
1772371181261,launch_douyin,360,8,1616308,0,0,249,128,0,201,0
1772371182153,launch_douyin,1047,12,1573928,0,0,927,832,0,716,3791
1772371182997,launch_douyin,15648,13216,1583248,0,0,147,272,0,345,2916
1772371183839,douyin_browse,13150,9530,1543636,0,0,835,1700,0,954,3791
1772371184739,douyin_browse,22394,10328,1511060,453,349,613,4694,6,25,6323
1772371185603,douyin_browse,27644,18952,1499824,0,0,406,4718,0,218,19289
1772371186382,douyin_browse,47888,36206,1519560,0,0,1718,2944,11,1543,32548
1772371187094,douyin_browse,27381,19798,1449228,963,575,1165,1505,0,534,2733
1772371187946,douyin_browse,143,0,1376276,0,0,573,67,0,59,0
1772371188789,douyin_browse,205,4,1342216,0,0,148,150,0,168,0
1772371189563,douyin_browse,183,0,1642848,0,0,105,50,0,23,0
1772371190435,douyin_browse,6297,4784,1642052,0,0,143,52,0,44,37
1772371191309,douyin_browse,667,251,1693396,0,0,228,273,0,239,0
1772371192170,douyin_browse,1257,27,1600652,0,0,2254,4835,0,2199,5408
1772371192979,douyin_browse,115,0,1636676,0,0,128,91,0,94,10699
1772371193769,douyin_browse,114,0,1624072,0,0,69,41,0,40,0
1772371194633,douyin_browse,329,205,1623360,0,0,30,434,0,4457,0
1772371195447,douyin_browse,141224,35703,1491988,17173,8574,18868,23444,199,16923,13944
1772371196354,douyin_browse,281298,52497,1388260,5046,3676,18610,32918,39,16608,18397
1772371197313,douyin_browse,193412,26559,1405552,21225,19075,9891,20003,676,8194,38549
1772371198366,douyin_browse,437254,69113,1533972,29597,20677,3326,13612,89,2114,13617
1772371199032,douyin_browse,100322,22637,1411896,1143,459,4860,31638,8,5909,14481
1772371200114,douyin_browse,131369,14498,1575024,0,0,9180,30529,0,7934,9395
1772371200809,douyin_browse,62929,25966,1558696,0,0,5104,10819,0,4382,18323
1772371201528,douyin_browse,77441,29710,1508744,2173,1870,7165,13763,33,8010,16089
1772371202392,douyin_browse,149765,60615,1640156,9854,5625,3362,44526,172,1973,24765
1772371203266,douyin_browse,244638,45704,1590268,24454,19059,989,20188,308,613,27371
1772371204179,douyin_browse,79268,21826,1610120,622,3191,1052,21312,64,768,17879
1772371205036,douyin_browse,50541,9913,1669644,2793,0,843,24828,0,639,4321
1772371205830,douyin_browse,75324,33639,1690336,400,396,611,23279,8,564,18731
1772371206686,douyin_browse,85631,30107,1681792,0,0,4447,22716,0,4061,3544
1772371207373,douyin_browse,11969,8384,1671032,0,0,448,3005,0,381,1441
1772371208206,douyin_browse,7585,5917,1651632,0,0,380,1153,0,353,3866
1772371209081,douyin_browse,23196,18906,1672636,0,0,277,6826,0,186,1268
1772371209976,douyin_browse,12780,6605,1678180,0,0,173,2819,0,119,1256
1772371210853,douyin_browse,35951,24288,1660032,0,0,6634,13036,0,7288,7871
1772371211700,douyin_browse,23889,15148,1653404,0,0,1284,6906,0,400,3533
1772371212573,douyin_browse,14214,7761,1695916,0,0,4412,9176,0,4446,436
1772371213410,douyin_browse,6301,2418,1702168,0,0,522,1342,0,434,664
1772371214228,douyin_browse,6822,3445,1742320,0,0,230,3844,0,125,0
1772371215071,douyin_browse,2101,858,1741872,0,0,123,789,0,68,0
1772371215928,douyin_browse,4697,958,1733116,0,0,1729,12028,49,2108,8821
1772371216885,douyin_browse,80181,32935,1722660,2817,2491,1201,9565,0,839,3616
1772371217763,douyin_browse,6678,2681,1702216,0,0,1600,1688,0,1556,1466
1772371218623,douyin_browse,8936,3757,1699624,0,0,347,2972,0,387,1790
1772371219528,douyin_browse,24721,14128,1680040,0,0,4103,8923,0,3936,2162
1772371220435,douyin_browse,8432,4026,1846868,0,0,852,2164,0,855,0
1772371221316,douyin_browse,2215,418,1839676,0,0,1043,2753,0,956,0
1772371222122,douyin_browse,209,0,1835492,0,0,66,227,0,68,0
1772371222992,douyin_browse,540,203,1832164,0,0,109,444,0,94,0
1772371223919,douyin_browse,764,11,1828852,0,0,390,960,0,432,0
1772371224811,douyin_browse,4142,1358,1807456,0,0,453,1123,0,314,0
1772371225625,douyin_browse,668,207,1806300,0,0,72,40,0,26,0
1772371226410,douyin_browse,1827,421,1785764,0,0,1167,1083,0,995,0
1772371227291,douyin_browse,2222,1143,1753760,0,0,400,667,0,221,0
1772371228137,douyin_browse,60,0,1749664,0,0,101,193,0,402,0
1772371228961,douyin_browse,3258,84,1738844,0,0,1608,1484,0,1224,0
1772371229851,douyin_browse,12580,53,1700200,0,0,3805,3722,0,4549,0
1772371230556,douyin_browse,23764,104,1678140,0,0,4709,4648,0,4502,8051
1772371231359,douyin_browse,22084,167,1686012,0,0,9031,9184,0,9009,11280
1772371232119,douyin_browse,16187,140,1723292,0,0,4756,4538,0,3921,305
1772371232990,douyin_browse,398,0,1793588,0,0,267,241,0,195,0
1772371233779,douyin_browse,354,3,1763852,0,0,161,157,0,158,0
1772371234624,douyin_browse,163,0,1747268,0,0,64,50,0,45,0
1772371235490,douyin_browse,71,0,1745592,0,0,76,34,0,40,0
1772371236320,douyin_browse,1602,9,1681548,0,0,972,881,0,829,0
1772371237201,douyin_browse,64393,246,1772544,0,0,15464,24643,0,16852,0
1772371237884,douyin_browse,76350,376,1704464,0,0,19882,22234,0,18328,30
1772371238657,douyin_browse,7000,2098,1715672,0,0,962,2513,0,692,0
1772371239481,douyin_browse,3256,1834,1721984,0,0,156,78,0,124,0
1772371240354,douyin_browse,148,5,1716708,0,0,148,186,0,119,1475
1772371241215,douyin_browse,21978,8998,1707560,0,0,4458,4610,0,4384,0
1772371242080,douyin_browse,13849,9116,1698132,0,0,257,1310,0,215,21
1772371242934,douyin_browse,2307,1767,1719348,0,0,84,138,0,129,208
1772371243798,douyin_browse,1769,1193,1736616,0,0,95,100,0,45,0
1772371244670,douyin_browse,1698,456,1701944,0,0,219,610,0,179,624
1772371245559,douyin_browse,11172,7579,1690692,0,0,548,1931,0,454,915
1772371246446,douyin_browse,7666,3362,1700320,0,0,1071,4529,0,868,9488
1772371247217,douyin_browse,14350,11995,1714732,0,0,78,1064,0,41,11653
1772371247967,douyin_browse,9130,5357,1841504,0,0,308,2343,0,213,870
1772371248821,switch_pinduoduo,1817,873,1791360,0,0,156,510,0,1752,268
1772371249606,switch_pinduoduo,168977,38189,1913560,4927,2498,31217,72038,80,31743,17523
1772371250482,switch_pinduoduo,142352,29110,1784376,2681,1811,18522,34880,0,16236,5956
1772371251333,switch_pinduoduo,79046,22833,1729028,269,243,5257,16550,4,4896,8985
1772371252053,switch_pinduoduo,60519,16776,1707036,0,0,3178,11884,0,3662,8230
1772371252747,switch_pinduoduo,41180,11012,1708864,0,0,6931,14862,0,6620,5330
1772371253407,switch_pinduoduo,62704,14060,1642208,0,0,7053,15469,0,6723,11256
1772371254120,switch_pinduoduo,19475,8769,1656392,0,0,2013,3324,0,1962,0
1772371254899,switch_pinduoduo,1991,179,1662400,0,0,767,5040,0,466,34
1772371255709,douyin_browse,1975,1308,1610580,0,0,257,4364,0,365,6184
1772371256512,douyin_browse,32474,9803,1627628,0,0,4739,26959,0,3737,15845
1772371257256,douyin_browse,687,0,1682120,0,0,589,666,0,481,4236
1772371258133,douyin_browse,320,0,1677448,0,0,524,520,0,436,0
1772371259006,douyin_browse,3323,17,1635492,0,0,2850,9787,0,3410,0
1772371259774,switch_bili,43189,11254,1495020,1320,367,30590,42855,6,29964,7171
1772371260597,switch_bili,21999,6801,1557664,184,0,914,1102,0,438,2080
1772371261312,switch_bili,950,51,1612256,0,0,486,613,0,468,15011
1772371262179,switch_bili,827,54,1598868,0,0,2173,3170,0,3650,515
1772371263005,switch_bili,45035,16895,1615928,0,0,5029,10784,0,3243,2963
1772371263977,switch_bili,15805,9090,1600108,0,0,1066,1850,0,926,1353
1772371264868,switch_bili,7223,4663,1583408,0,0,1728,1924,0,1747,1956
1772371265689,switch_bili,13774,6160,1582384,0,0,322,654,0,195,615
1772371266611,douyin_browse,84383,52785,1534300,0,0,986,6023,0,839,10670
1772371267395,douyin_browse,21442,17233,1572068,0,0,850,8136,0,792,1873
1772371268106,douyin_browse,26778,20455,1565764,0,0,857,3933,0,683,8078
1772371268930,douyin_browse,8781,6723,1530368,0,0,107,422,0,150,32
1772371269842,switch_minimap,8504,2777,1559180,0,0,2267,4438,9,4136,5901
1772371270647,switch_minimap,140492,34001,1448124,1910,1463,15784,19299,19,15242,14969
1772371271518,switch_minimap,62510,22511,1492548,303,146,3256,7120,3,1682,903
1772371272447,switch_minimap,6645,1125,1517156,0,0,342,3512,0,275,0
1772371273410,switch_minimap,5008,1446,1521444,0,0,911,1423,0,906,0
1772371274408,switch_minimap,2869,468,1499176,0,0,755,2159,0,728,23
1772371275358,switch_minimap,3329,1092,1481048,0,0,145,235,0,171,806
1772371276245,switch_minimap,27227,1194,1462648,0,0,11744,12786,0,12577,21659
1772371277117,douyin_browse,39129,11872,1521760,0,0,3356,4968,0,2425,10839
1772371277867,douyin_browse,1174,112,1523172,0,0,482,670,0,480,1096
1772371278717,douyin_browse,6258,3356,1507260,0,0,150,221,0,153,0
1772371279578,douyin_browse,1098,187,1500600,0,0,217,336,0,208,397
1772371280400,douyin_browse,23573,10759,1524568,0,0,1449,18965,0,2566,4120
1772371281294,douyin_browse,8204,3223,1528400,0,0,1878,4618,0,453,1696
1772371282082,douyin_browse,7418,3401,1624360,0,0,3359,4338,0,3348,0
1772371282991,douyin_browse,483,238,1607648,0,0,181,385,0,182,0
1772371283839,douyin_browse,70,0,1595484,0,0,29,61,0,13,0
1772371284707,douyin_browse,124,0,1612032,0,0,90,97,0,115,0
1772371285623,douyin_browse,743,99,1602288,0,0,130,370,0,102,0
1772371286403,douyin_browse,1061,397,1617748,0,0,869,1161,0,580,11145
1772371287150,douyin_browse,873,1,1642756,0,0,1759,2036,0,3651,14721
1772371287959,douyin_browse,2334,7,1649640,0,0,2841,2525,0,821,0
1772371288781,douyin_browse,74,0,1650796,0,0,70,69,0,66,0
1772371289630,douyin_browse,129,0,1648132,0,0,34,34,0,33,0
1772371290502,douyin_browse,705,0,1662256,0,0,1287,1326,0,1169,0
1772371291340,douyin_browse,100,2,1655168,0,0,103,172,0,64,0
1772371292225,douyin_browse,949,0,1655156,0,0,575,831,0,571,0
1772371293094,douyin_browse,4,0,1654096,0,0,2,2,0,8,0
1772371294012,douyin_browse,655,13,1634136,0,0,393,330,0,323,0
1772371294860,douyin_browse,193,0,1641708,0,0,304,284,0,290,0
1772371295721,douyin_browse,470,67,1595016,0,0,257,377,0,251,0
1772371296563,douyin_browse,81,0,1603880,0,0,32,32,0,50,0
1772371297439,douyin_browse,729,6,1589220,0,0,616,587,0,593,0
1772371298302,douyin_browse,65,0,1576148,0,0,111,115,0,120,0
1772371299217,douyin_browse,314,0,1557912,0,0,272,246,0,208,0
1772371300034,douyin_browse,248,0,1559112,0,0,138,127,0,128,0
1772371300892,douyin_browse,18,0,1555552,0,0,10,7,0,6,0
1772371301750,douyin_browse,58,0,1552312,0,0,88,244,0,991,0
1772371302598,douyin_browse,2715,25,1517096,0,0,1125,963,0,218,0
1772371303415,douyin_browse,52,0,1539700,0,0,51,38,0,31,0
1772371304241,douyin_browse,7,0,1515592,0,0,11,14,0,8,0
1772371305080,douyin_browse,76,0,1514336,0,0,53,49,0,50,0
1772371305969,douyin_browse,6,0,1490860,0,0,1,2,0,3,0
1772371306861,douyin_browse,18,0,1509432,0,0,617,653,0,624,0
1772371307701,douyin_browse,944,0,1490700,0,0,483,1032,0,1065,0
1772371308587,douyin_browse,5195,744,1468916,0,0,9050,8609,0,8974,0
1772371309450,douyin_browse,3581,34,1626852,0,0,1099,974,0,470,0
1772371310331,douyin_browse,50,0,1628256,0,0,64,56,0,63,0
1772371311191,douyin_browse,208,11,1619580,0,0,51,57,0,52,0
1772371312062,douyin_browse,2548,14,1571360,0,0,1057,1080,0,1050,0
1772371312928,douyin_browse,232,4,1572156,0,0,195,180,0,189,0
1772371313737,douyin_browse,21,0,1580544,0,0,18,16,0,0,0
1772371314564,douyin_browse,7,0,1578452,0,0,4,9,0,7,0
1772371315428,douyin_browse,25,0,1573320,0,0,27,13,0,36,0
1772371316278,douyin_browse,174,1,1572108,0,0,62,58,0,56,0
1772371317147,douyin_browse,1263,16,1562064,0,0,1063,1083,0,1050,0
1772371317999,douyin_browse,53,4,1561872,0,0,14,28,0,14,0
1772371318907,douyin_browse,138,0,1638760,0,0,195,204,0,194,0
1772371319702,douyin_browse,20,0,1643024,0,0,19,17,0,20,0
1772371320534,douyin_browse,20,0,1644172,0,0,7,10,0,7,0
1772371321348,douyin_browse,12,0,1631096,0,0,7,0,0,7,0
1772371322269,douyin_browse,1423,17,1640296,0,0,778,6567,0,747,0
1772371323210,douyin_browse,2000,49,1634700,0,0,455,490,0,448,0
1772371324068,douyin_browse,120,0,1626672,0,0,132,415,0,468,0
1772371324901,douyin_browse,174,2,1580776,0,0,354,70,0,14,0
1772371325722,douyin_browse,12,0,1575552,0,0,8,7,0,8,0
1772371326535,douyin_browse,173,0,1578232,0,0,61,62,0,63,0
1772371327395,douyin_browse,30848,182,1557692,0,0,4863,5120,0,5799,286
1772371328098,douyin_browse,45068,7216,1568708,0,0,9637,10085,0,8873,11566
1772371328899,douyin_browse,9734,954,1596552,0,0,2276,2110,0,2218,0
1772371329759,douyin_browse,997,4,1589460,0,0,325,328,0,105,0
1772371330616,douyin_browse,11215,3899,1495272,0,0,1362,1584,0,1330,4301
1772371331476,douyin_browse,13883,6925,1674416,0,0,1540,1623,0,1500,0
1772371332331,douyin_browse,1897,22,1668964,0,0,944,989,0,940,0
1772371333206,douyin_browse,935,291,1629664,0,0,288,354,0,272,0
1772371334079,douyin_browse,716,154,1555204,0,0,121,226,0,113,0
1772371334936,douyin_browse,723,5,1572932,0,0,399,389,0,383,0
1772371335773,douyin_browse,924,420,1551480,0,0,13,18,0,14,0
1772371336633,douyin_browse,63,0,1548768,0,0,29,36,0,229,0
1772371337513,douyin_browse,4059,295,1539176,0,0,2115,2308,0,2277,540
1772371338316,douyin_browse,23668,3813,1536036,0,0,3316,3241,0,2942,503
1772371339100,douyin_browse,310,8,1518820,0,0,103,126,0,106,0
1772371339957,douyin_browse,452,189,1566340,0,0,111,145,0,88,0
1772371340791,douyin_browse,71,0,1538596,0,0,64,60,0,60,0
1772371341675,douyin_browse,5,0,1514916,0,0,1,0,0,647,1346
1772371342607,douyin_browse,7492,5663,1521796,0,0,757,1060,0,77,0
1772371343462,douyin_browse,617,74,1535128,0,0,29,72,0,26,22
1772371344287,douyin_browse,166,0,1542056,0,0,18,70,0,14,790
1772371345135,switch_gifmaker,90622,23687,1491280,13485,11285,19092,25082,240,19665,12421
1772371345982,switch_gifmaker,119315,44459,1335968,14195,11777,16385,23003,231,16828,20390
1772371346747,switch_gifmaker,44867,11343,1204384,9395,6263,16177,23539,258,13683,19081
1772371347622,switch_gifmaker,235288,57020,1444380,23492,13655,10714,29505,127,10123,12721
1772371348311,switch_gifmaker,63634,28873,1468740,0,0,3720,9654,0,4975,13255
1772371349155,switch_gifmaker,60599,12943,1443944,0,0,10483,24565,0,9268,5380
1772371349918,switch_gifmaker,64867,17299,1475468,0,0,11267,20220,0,11377,12364
1772371350694,switch_gifmaker,55065,8825,1593324,0,0,5236,9604,0,4108,1136
1772371351415,douyin_browse,1372,19,1597356,0,0,587,1506,0,724,3652
1772371352263,douyin_browse,102900,47197,1622144,495,212,8014,27947,3,7172,27181
1772371352984,douyin_browse,18839,8733,1682648,0,0,1675,5808,0,1694,1987
1772371353654,douyin_browse,29437,20476,1684488,0,0,492,2085,0,253,5840
1772371354482,douyin_browse,1629,854,1654348,0,0,30,239,0,160,5686
1772371355291,switch_cloudmusic,46753,27611,1657956,7958,6965,7285,31276,316,13069,14025
1772371356130,switch_cloudmusic,81272,26209,1722612,11057,9558,17459,36557,0,11196,10395
1772371356958,switch_cloudmusic,43624,25800,1812420,0,0,9950,17268,0,9827,15992
1772371357722,switch_cloudmusic,7586,5233,1800700,0,0,1165,3404,0,1789,20402
1772371358417,switch_cloudmusic,15046,2113,1920192,0,0,4012,4806,0,3345,10026
1772371359143,switch_cloudmusic,5470,1782,1946256,0,0,523,1642,0,665,0
1772371359971,switch_cloudmusic,1740,216,1918048,0,0,804,2740,0,601,0
1772371360818,switch_cloudmusic,3896,1544,1931624,0,0,207,778,0,187,0
1772371361650,switch_cloudmusic,2273,206,1926612,0,0,1899,1966,0,1895,0
1772371362482,douyin_browse,3307,337,1864128,0,0,806,1973,0,750,0
1772371363324,douyin_browse,1015,215,1886224,0,0,307,655,0,304,0
1772371364142,douyin_browse,1168,21,1896652,0,0,205,612,0,202,0
1772371364978,douyin_browse,1254,293,1909732,0,0,608,1372,0,1242,209
1772371365858,switch_minimap,63637,11290,1812280,0,0,12496,17479,12,11943,12911
1772371366759,switch_minimap,92550,32895,1853412,1757,709,1363,9199,0,1136,10087
1772371367657,switch_minimap,32912,18948,1895992,0,0,79,456,0,35,0
1772371368554,switch_minimap,2617,17,1861912,0,0,4453,4804,0,4521,0
1772371369458,switch_minimap,7524,1738,1889560,0,0,216,2229,0,116,0
1772371370447,switch_minimap,1567,484,1906028,0,0,183,114,0,173,0
1772371371349,switch_minimap,4055,297,1886628,0,0,2136,2292,0,2115,0
1772371372271,douyin_browse,1331,26,1897228,0,0,496,1023,0,1138,3395
1772371373073,douyin_browse,13129,3622,1893428,0,0,846,2125,0,280,0
1772371373888,douyin_browse,2752,209,1948068,0,0,524,1199,0,402,71
1772371374803,douyin_browse,1314,767,1926736,0,0,48,477,0,39,438
1772371375628,douyin_browse,3202,1623,1918072,0,2203,2239,15317,83,3443,3452
1772371376494,douyin_browse,62616,7675,1807912,5354,2521,10675,15385,0,8896,0
1772371377210,douyin_browse,1835,379,1742760,0,0,1034,897,0,715,0
1772371377982,douyin_browse,5542,28,1638376,0,0,4965,6603,0,4790,0
1772371378914,douyin_browse,543,51,1635732,0,0,715,1097,0,1057,0
1772371379718,douyin_browse,2582,3,1617100,0,0,2304,9950,0,2322,0
1772371380530,douyin_browse,883,1,1611884,0,0,767,779,0,254,0
1772371381261,douyin_browse,1905,76,1582012,0,0,1860,1720,0,1786,1960
1772371382113,douyin_browse,3651,1844,1651848,0,0,255,350,0,169,13640
1772371382877,douyin_browse,1115,4,1680776,0,0,1785,2000,0,1804,7933
1772371383642,douyin_browse,101,0,1678256,0,0,48,12,0,10,0
1772371384502,douyin_browse,94,40,1676720,0,0,210,471,0,481,0
1772371385281,douyin_browse,14221,12022,1689976,0,0,880,1184,0,562,2399
1772371386071,douyin_browse,7048,1141,1649584,0,0,7828,7905,0,7855,3612
1772371386964,douyin_browse,10142,7108,1845644,0,0,171,336,0,97,0
1772371387783,douyin_browse,4257,444,1831828,0,0,1624,2068,0,1715,0
1772371388631,douyin_browse,1219,70,1798012,0,0,520,1444,0,334,0
1772371389439,douyin_browse,45,0,1819088,0,0,36,36,0,6,0
1772371390238,douyin_browse,58,0,1790424,0,0,60,24,0,274,0
1772371391048,douyin_browse,166,0,1770696,0,0,240,277,0,30,343
1772371391951,douyin_browse,3098,1867,1773956,0,0,96,104,0,88,0
1772371392779,douyin_browse,2031,34,1761324,0,0,836,843,0,846,0
1772371393602,douyin_browse,2285,1287,1810736,0,0,544,1251,0,474,0
1772371394443,douyin_browse,475,220,1779544,0,0,10,7,0,6,0
1772371395295,douyin_browse,49,0,1750628,0,0,15,18,0,25,1
1772371396165,douyin_browse,150,23,1761512,0,0,30,47,0,18,0
1772371396970,douyin_browse,33,0,1753440,0,0,14,21,0,144,0
1772371397796,douyin_browse,8833,6159,1724580,0,0,1210,2070,0,965,6263
1772371398571,douyin_browse,22267,16926,1737420,0,0,62,63,0,59,0
1772371399438,douyin_browse,23,0,1744540,0,0,5,3,0,3,0
1772371400325,douyin_browse,1015,9,1749932,0,0,402,391,0,463,0
1772371401187,douyin_browse,1163,267,1739836,0,0,357,694,0,285,266
1772371402006,douyin_browse,713,365,1734872,0,0,37,38,0,11,0
1772371402837,douyin_browse,1569,9,1727264,0,0,668,750,0,670,162
1772371403648,douyin_browse,3535,1673,1760304,0,0,157,250,0,207,205
1772371404491,douyin_browse,2902,1482,1750792,0,0,97,39,0,35,0
1772371405304,douyin_browse,540,262,1743020,0,0,15,12,0,13,0
1772371406212,douyin_browse,19738,1440,1744968,0,0,3726,5045,0,4674,0
1772371406953,douyin_browse,40658,320,1716908,0,0,3716,3941,0,2187,0
1772371407800,douyin_browse,1527,0,1700912,0,0,2146,2260,0,2113,0
1772371408651,douyin_browse,66,0,1833112,0,0,107,102,0,269,0
1772371409525,douyin_browse,1269,0,1841676,0,0,221,200,0,44,0
1772371410372,douyin_browse,53,0,1855440,0,0,438,441,0,412,0
1772371411215,douyin_browse,1540,8,1834628,0,0,109,90,0,115,0
1772371411992,douyin_browse,213,0,1737512,0,0,237,157,0,123,0
1772371412794,douyin_browse,288,0,1731648,0,0,514,503,0,500,0
1772371413636,douyin_browse,21,0,1727340,0,0,15,4,0,4,0
1772371414529,douyin_browse,79,0,1728628,0,0,36,34,0,36,0
1772371415390,douyin_browse,59,0,1726140,0,0,29,13,0,15,0
1772371416189,douyin_browse,307,5,1744232,0,0,395,377,0,394,0
1772371416998,douyin_browse,100,0,1726312,0,0,69,70,0,46,0
1772371417876,douyin_browse,857,0,1729456,0,0,342,344,0,341,0
1772371418684,douyin_browse,583,4,1726168,0,0,167,164,0,162,0
1772371419561,douyin_browse,23,0,1723324,0,0,12,7,0,14,0
1772371420355,douyin_browse,130,0,1767088,0,0,222,150,0,136,0
1772371421168,douyin_browse,46,0,1752308,0,0,19,21,0,19,0
1772371421990,douyin_browse,29,0,1769700,0,0,401,399,0,397,0
1772371422859,douyin_browse,1670,11,1766144,0,0,1142,1133,0,1135,0
1772371423761,douyin_browse,62,0,1766188,0,0,9,13,0,9,0
1772371424688,douyin_browse,7,0,1762424,0,0,5,0,0,1,0
1772371425504,douyin_browse,189,0,1790428,0,0,290,265,0,307,0
1772371426334,douyin_browse,32,0,1765180,0,0,51,48,0,6,0
1772371427165,douyin_browse,32,0,1753332,0,0,19,17,0,16,0
1772371428028,douyin_browse,2065,8,1750132,0,0,1426,1473,0,1423,0
1772371428979,douyin_browse,89,0,1720032,0,0,15,12,0,13,0
1772371429821,douyin_browse,182,0,1702952,0,0,131,270,0,110,0
1772371430661,douyin_browse,25,0,1688552,0,0,15,14,0,9,0
1772371431525,douyin_browse,9,0,1838504,0,0,10,14,0,38,0
1772371432389,douyin_browse,124,24,1771956,0,0,2111,2352,0,2553,0
1772371433325,douyin_browse,7665,41,1781444,0,0,3218,3079,0,3630,0
1772371434027,douyin_browse,8236,56,1783244,0,0,1827,1810,0,977,0
1772371434793,douyin_browse,2004,8,1758824,0,0,866,757,0,777,0
1772371435632,douyin_browse,137,0,1627476,0,0,134,226,0,120,0
1772371436483,douyin_browse,91,0,1640952,0,0,47,14,0,65,0
1772371437320,douyin_browse,110,0,1623280,0,0,52,72,0,905,0
1772371438173,douyin_browse,716,0,1621116,0,0,900,974,0,44,0
1772371439019,douyin_browse,129,0,1624236,0,0,40,7,0,6,0
1772371439902,douyin_browse,23,3,1639788,0,0,7,6,0,7,0
1772371440816,switch_minimap,16,0,1579212,0,0,4,1,0,2,0
1772371441671,switch_minimap,26759,2549,1538976,0,0,13708,13666,0,13668,132
1772371442524,switch_minimap,1966,370,1576964,0,0,105,89,0,84,0
1772371443354,switch_minimap,1618,368,1557924,0,0,10,10,0,10,0
1772371444351,switch_minimap,33,0,1579288,0,0,12,13,0,10,0
1772371445291,switch_minimap,531,0,1576496,0,0,148,107,0,162,0
1772371446222,switch_minimap,7046,1900,1579324,0,0,64,89,0,806,0
1772371447127,switch_minimap,3279,22,1553316,0,0,2627,2762,0,1856,0
1772371448071,douyin_browse,7340,4486,1512204,0,0,409,310,0,450,4928
1772371448895,douyin_browse,18949,10495,1543504,0,0,323,429,0,292,1426
1772371449672,douyin_browse,1252,499,1561452,0,0,129,180,0,65,0
1772371450502,douyin_browse,2719,2055,1562588,0,0,40,40,0,36,0
1772371451318,switch_bili,53,0,1523060,0,0,13,98,0,1055,0
1772371452128,switch_bili,109395,33983,1464032,12062,8770,26809,30830,181,25475,22526
1772371452983,switch_bili,31228,25595,1545716,0,0,536,1562,0,407,336
1772371453870,switch_bili,9771,5105,1575088,0,0,76,372,0,52,1319
1772371454698,switch_bili,16874,13329,1611900,0,0,249,260,0,247,16438
1772371455550,switch_bili,753,201,1642440,0,0,257,209,0,574,5568
1772371456445,switch_bili,1746,13,1609860,0,0,1043,1059,0,689,0
1772371457326,switch_bili,3724,67,1631448,0,0,1698,1681,0,2172,0
1772371458215,douyin_browse,5838,3218,1587044,0,0,1151,1167,0,710,4
1772371459071,douyin_browse,3787,1047,1624624,0,0,138,997,0,53,0
1772371459878,douyin_browse,250,8,1634340,0,0,116,1302,0,88,0
1772371460651,douyin_browse,201,0,1647320,0,0,55,413,0,59,0
1772371461474,douyin_browse,54,0,1623884,0,0,19,18,0,22,484
1772371462332,switch_cloudmusic,51793,13069,1484152,6655,5465,1496,13416,95,1234,15351
1772371463123,switch_cloudmusic,32332,22219,1560296,0,0,100,101,0,78,0
1772371463959,switch_cloudmusic,70,0,1556836,0,0,63,313,0,66,0
1772371464785,switch_cloudmusic,210,0,1597968,0,0,51,51,0,42,9209
1772371465528,switch_cloudmusic,119,0,1641404,0,0,33,39,0,35,17273
1772371466299,switch_cloudmusic,137,0,1632252,0,0,69,1583,0,38,0
1772371467128,switch_cloudmusic,71,0,1641696,0,0,50,120,0,59,0
1772371467969,switch_cloudmusic,98,0,1660428,0,0,66,78,0,55,0
1772371468812,douyin_browse,1041,49,1675240,0,0,243,3058,0,252,0
1772371469541,douyin_browse,374,20,1701380,0,0,431,1959,0,375,0
1772371470318,douyin_browse,614,87,1706360,0,0,84,518,0,79,0
1772371471127,douyin_browse,156,14,1708776,0,0,66,1928,0,40,0
1772371471951,douyin_browse,332,6,1707864,0,0,127,1740,0,162,0
1772371472793,douyin_browse,23888,8161,1639488,296,217,3530,20294,4,3720,4426
1772371473516,douyin_browse,10349,5968,1642988,0,0,955,2279,0,528,1549
1772371474301,douyin_browse,41189,23885,1590308,0,0,5184,14337,5,5012,2566
1772371475161,douyin_browse,31929,16730,1505268,627,308,43,370,0,22,2301
1772371475998,douyin_browse,11302,9241,1509688,0,0,70,1376,0,69,2039
1772371476869,douyin_browse,26512,14087,1570560,0,0,836,9769,0,744,5850
1772371477674,douyin_browse,6465,4927,1546732,0,0,30,342,0,21,1532
1772371478494,douyin_browse,10784,8724,1536900,0,0,12,369,0,7,0
1772371479411,douyin_browse,553,407,1544132,0,0,7,42,0,3,0
1772371480308,douyin_browse,49,0,1546224,0,0,10,279,0,4,0
1772371481202,douyin_browse,234,187,1545124,0,0,11,866,0,3,0
1772371482044,douyin_browse,1397,847,1538736,0,0,38,2838,0,60,0
1772371482901,douyin_browse,4207,1643,1536392,0,0,181,2572,0,88,728
1772371483733,douyin_browse,1358,671,1558968,0,0,5,69,0,2,7
1772371484620,douyin_browse,1067,644,1693552,0,0,23,1318,0,10,0
1772371485486,douyin_browse,364,323,1694020,0,0,4,232,0,1,0
1772371486415,douyin_browse,1131,499,1689384,0,0,29,2480,0,4,0
1772371487280,douyin_browse,79,58,1673128,0,0,39,1687,0,66,0
1772371488145,douyin_browse,3089,1422,1695500,0,0,146,2895,0,42,0
1772371488975,douyin_browse,19,0,1689736,0,0,13,228,0,11,0
1772371489807,douyin_browse,1627,1457,1671888,0,0,6,95,0,1,0
1772371490678,douyin_browse,406,73,1671852,0,0,109,3690,0,56,0
1772371491512,douyin_browse,856,571,1657400,0,0,160,2315,0,136,0
1772371492307,douyin_browse,68,0,1648768,0,0,62,187,0,57,0
1772371493150,douyin_browse,7,0,1652948,0,0,5,22,0,5,0
1772371494024,douyin_browse,12,0,1656016,0,0,8,55,0,7,0
1772371494916,douyin_browse,3,0,1651112,0,0,3,6,0,10,11
1772371495781,douyin_browse,2199,489,1571936,0,0,176,1140,0,147,70
1772371496586,douyin_browse,712,72,1594884,0,0,121,318,0,31,0
1772371497346,douyin_browse,9,0,1568436,0,0,240,22,0,1,0
1772371498224,douyin_browse,8,0,1569036,0,0,8,5,0,1,0
1772371499118,douyin_browse,6,0,1560996,0,0,5,1,0,3,0
1772371499984,douyin_browse,17,0,1568584,0,0,21,3,0,1,0
1772371500829,douyin_browse,51,0,1552460,0,0,84,49,0,47,0
1772371501656,douyin_browse,109,0,1531416,0,0,63,45,0,49,0
1772371502471,douyin_browse,7,0,1544592,0,0,10,9,0,3,0
1772371503288,douyin_browse,6,0,1672564,0,0,4,1,0,1,0
1772371504144,douyin_browse,6,0,1678092,0,0,5,3,0,3,0
1772371505046,douyin_browse,74,0,1670996,0,0,37,18,0,19,0
1772371505957,douyin_browse,97,0,1662928,0,0,240,155,0,154,0
1772371506737,douyin_browse,21,0,1669732,0,0,42,411,0,6,0
1772371507544,douyin_browse,21,0,1673544,0,0,5,4,0,1,0
1772371508386,douyin_browse,71,0,1675948,0,0,47,13,0,48,0
1772371509280,douyin_browse,18713,91,1656740,0,0,4135,4084,0,4288,1509
1772371509948,douyin_browse,25902,107,1649332,0,0,6867,6916,0,6677,282
1772371510780,douyin_browse,434,0,1580584,0,0,96,36,0,36,0
1772371511582,douyin_browse,34,0,1580132,0,0,24,20,0,20,0
1772371512367,douyin_browse,3,0,1561060,0,0,1,1,0,2,0
1772371513198,douyin_browse,7,0,1577636,0,0,1,1,0,0,0
1772371514024,douyin_browse,22,0,1576208,0,0,10,8,0,9,0
1772371514874,douyin_browse,34,0,1570672,0,0,9,7,0,7,0
1772371515702,douyin_browse,1161,0,1570128,0,0,953,1431,0,1316,0
1772371516522,douyin_browse,686,2,1613132,0,0,447,108,0,77,0
1772371517390,douyin_browse,379,3,1603196,0,0,147,55,0,105,0
1772371518236,douyin_browse,5,0,1600744,0,0,2,64,0,2,0
1772371519088,douyin_browse,93,0,1558608,0,0,88,45,0,497,0
1772371519957,douyin_browse,40860,208,1549492,0,0,12713,12662,0,12409,5510
1772371520636,douyin_browse,3237,41,1561688,0,0,1491,1498,0,1297,0
1772371521457,douyin_browse,206,0,1558144,0,0,47,39,0,69,0
1772371522281,douyin_browse,80,0,1533408,0,0,116,104,0,90,0
1772371523029,douyin_browse,87,0,1422988,0,0,27,26,0,7,0
1772371523845,douyin_browse,300,7,1407284,0,0,95,87,0,87,0
1772371524698,douyin_browse,0,0,1421088,0,0,1,0,0,1,0
1772371525533,douyin_browse,62,0,1495624,0,0,97,125,0,84,0
1772371526381,douyin_browse,44,0,1500172,0,0,27,27,0,104,0
1772371527252,douyin_browse,174,0,1663744,0,0,81,77,0,10,0
1772371528100,douyin_browse,33,4,1663340,0,0,10,10,0,0,0
1772371528975,douyin_browse,44,0,1717728,0,0,24,20,0,20,0
1772371529848,douyin_browse,52,0,1693372,0,0,72,69,0,112,0
1772371530667,douyin_browse,91,0,1612320,0,0,124,86,0,75,0
1772371531473,douyin_browse,25,0,1605488,0,0,9,35,0,5,0
1772371532332,douyin_browse,10,0,1590912,0,0,7,6,0,4,0
1772371533202,douyin_browse,0,0,1590248,0,0,1,1,0,1,0
1772371534131,douyin_browse,27,0,1567436,0,0,5,4,0,4,0
1772371535006,douyin_browse,0,0,1596796,0,0,0,0,0,0,0
1772371535835,switch_mm,0,0,1543124,0,0,63,45,0,80,0
1772371536659,switch_mm,1671,5,1520224,0,0,1945,1753,0,1684,0
1772371537397,switch_mm,56,0,1585604,0,0,423,350,0,387,696
1772371538080,switch_mm,8289,3375,1582200,0,0,438,457,0,428,21
1772371538825,switch_mm,122,0,1599880,0,0,34,8,0,38,0
1772371539566,switch_mm,846,217,1612588,0,0,113,169,0,107,0
1772371540301,switch_mm,29,0,1610864,0,0,71,31,0,47,0
1772371541071,switch_mm,37,0,1610648,0,0,17,71,0,15,0
1772371541800,switch_mm,13,0,1611592,0,0,11,13,0,10,0
1772371542537,switch_mm,15,0,1586332,0,0,16,13,0,12,26
1772371543320,douyin_browse,2169,564,1629444,0,0,156,282,0,107,0
1772371544103,douyin_browse,672,0,1655088,0,0,189,148,0,167,0
1772371544961,douyin_browse,61,0,1654992,0,0,20,50,0,15,0
1772371545802,douyin_browse,44,0,1623104,0,0,11,18,0,23,0
1772371546724,switch_bili,9630,2335,1556064,0,0,4514,4460,0,4421,750
1772371547499,switch_bili,6391,3468,1600548,0,0,276,695,0,266,65
1772371548358,switch_bili,543,323,1599728,0,0,36,109,0,11,8
1772371549277,switch_bili,59,36,1603092,0,0,5,5,0,12,0
1772371550109,switch_bili,805,86,1601232,0,0,45,45,0,82,0
1772371550982,switch_bili,1664,23,1580356,0,0,1020,1050,0,990,24
1772371551849,switch_bili,6251,2242,1584216,0,0,284,281,0,254,0
1772371552780,douyin_browse,1078,708,1581976,0,0,83,121,0,116,0
1772371553634,douyin_browse,7050,4492,1502300,0,0,172,524,0,122,944
1772371554417,douyin_browse,5850,3056,1553888,0,0,1719,1978,0,1679,233
1772371555191,douyin_browse,7467,2633,1537124,0,0,7,171,0,6,0
1772371556050,douyin_browse,61,0,1541444,0,0,210,46,0,61,0
1772371556843,switch_pinduoduo,8680,378,1381132,0,0,8812,9070,0,9181,0
1772371557692,switch_pinduoduo,3748,287,1306608,0,0,1271,974,0,303,0
1772371558400,switch_pinduoduo,105,10,1315388,0,0,78,54,0,34,0
1772371559293,switch_pinduoduo,817,8,1275756,0,0,488,740,0,752,9214
1772371560109,switch_pinduoduo,853,15,1330160,0,0,1726,1928,0,1687,12900
1772371560988,switch_pinduoduo,1742,18,1339556,0,0,603,555,0,604,0
1772371561743,switch_pinduoduo,497,0,1331600,0,0,216,224,0,129,0
1772371562628,switch_pinduoduo,103,0,1262300,0,0,62,42,0,37,140
1772371563547,switch_pinduoduo,3619,2609,1260888,0,0,27,22,0,26,0
1772371564489,douyin_browse,1894,975,1248908,0,0,46,25,0,88,0
1772371565234,douyin_browse,407,1,1354632,0,0,140,150,0,69,0
1772371565991,douyin_browse,303,0,1361472,0,0,142,142,0,136,0
1772371566849,douyin_browse,46,0,1366476,0,0,13,12,0,8,0
1772371567700,douyin_browse,146,0,1334104,0,0,68,179,0,42,0
1772371568536,douyin_browse,45,0,1308124,0,0,73,44,0,22,295
1772371569342,douyin_browse,10402,5182,1301660,0,0,9,53,0,6,0
1772371570118,douyin_browse,3390,1072,1407328,0,0,35,50,0,28,0
1772371570956,douyin_browse,5,0,1416592,0,0,1,1,0,1,0
1772371571789,douyin_browse,0,0,1414660,0,0,0,0,0,0,0
1772371572685,douyin_browse,0,0,1408684,0,0,11,79,0,1,0
1772371573505,douyin_browse,742,266,1423628,0,0,107,207,0,79,0
1772371574331,douyin_browse,1,0,1463520,0,0,1,1,0,0,13481
1772371575122,douyin_browse,363,141,1465984,0,0,2,4,0,0,4515
1772371575932,douyin_browse,17,0,1466868,0,0,18,3,0,17,0
1772371576816,douyin_browse,385,110,1469336,0,0,14,26,0,7,0
1772371577717,douyin_browse,42,0,1480480,0,0,3,4,0,2,0
1772371578562,douyin_browse,1278,332,1456640,0,0,107,252,0,75,0
1772371579367,douyin_browse,23,0,1418544,0,0,10,11,0,9,0
1772371580252,douyin_browse,8,0,1428260,0,0,7,7,0,7,0
1772371581140,douyin_browse,6,0,1415584,0,0,2,1,0,3,0
1772371581970,douyin_browse,53,0,1428020,0,0,99,88,0,165,0
1772371582780,douyin_browse,426,227,1338460,0,0,141,393,0,20,0
1772371583611,douyin_browse,4,0,1326148,0,0,1,1,0,1,0
1772371584460,douyin_browse,235,210,1302540,0,0,2,17,0,1,0
1772371585342,douyin_browse,1,0,1314316,0,0,1,0,0,2,0
1772371586262,douyin_browse,39,7,1335656,0,0,39,51,0,32,217
1772371587081,douyin_browse,3784,2177,1330724,0,0,32,215,0,26,1162
1772371587861,douyin_browse,3895,3055,1331748,0,0,5,13,0,1,441
1772371588676,douyin_browse,3026,2229,1336780,0,0,0,1,0,0,0
1772371589571,douyin_browse,531,397,1317656,0,0,2,34,0,1,0
1772371590469,douyin_browse,5,0,1314484,0,0,0,0,0,0,3
1772371591393,douyin_browse,113,35,1333116,0,0,33,141,0,43,89
1772371592259,douyin_browse,6316,3512,1403948,0,0,116,333,0,91,192
1772371593109,douyin_browse,2385,1588,1565624,0,0,1,36,0,0,0
1772371593926,douyin_browse,23,19,1535036,0,0,4,96,0,1,0
1772371594805,douyin_browse,258,243,1502200,0,0,4,76,0,5,0
1772371595693,douyin_browse,28,0,1529236,0,0,8,15,0,0,0
1772371596539,douyin_browse,731,292,1530876,0,0,55,215,0,47,0
1772371597386,douyin_browse,790,213,1521296,0,0,95,1411,0,61,0
1772371598191,douyin_browse,93,0,1501920,0,0,39,173,0,21,0
1772371599004,douyin_browse,3,0,1498744,0,0,3,3,0,3,0
1772371599864,douyin_browse,214,0,1483824,0,0,14,14,0,14,0
1772371600737,douyin_browse,31,0,1481472,0,0,29,439,0,34,0
1772371601595,douyin_browse,379,64,1494496,0,0,35,339,0,7,0
1772371602427,douyin_browse,18,0,1495924,0,0,4,4,0,2,0
1772371603265,douyin_browse,5,0,1493316,0,0,4,16,0,24,0
1772371604122,douyin_browse,140,91,1475004,0,0,81,156,0,48,0
1772371605024,douyin_browse,48,0,1490448,0,0,21,287,0,26,0
1772371605849,douyin_browse,342,113,1451356,0,0,60,225,0,32,0
1772371606721,douyin_browse,6,0,1462628,0,0,3,2,0,2,0
1772371607569,douyin_browse,0,0,1465568,0,0,0,0,0,1,0
1772371608450,douyin_browse,58,0,1456404,0,0,58,98,0,54,0
1772371609297,douyin_browse,676,193,1397868,0,0,150,900,0,110,1950
1772371610127,douyin_browse,9015,6843,1403432,0,0,12,235,0,3,730
1772371610969,douyin_browse,3512,1729,1419772,0,0,2,2,0,2,0
1772371611813,douyin_browse,687,291,1417944,0,0,30,284,0,23,113
1772371612685,douyin_browse,363,242,1419160,0,0,0,0,0,0,0
1772371613544,douyin_browse,199,84,1415536,0,0,147,157,0,155,0
1772371614389,douyin_browse,45173,11947,1394732,0,0,10639,11282,0,11941,5970
1772371615094,douyin_browse,11608,423,1400156,0,0,2850,2748,0,1540,942
1772371615875,douyin_browse,4371,438,1352968,0,0,92,420,0,86,0
1772371616731,douyin_browse,5551,3833,1364932,0,0,34,41,0,25,0
1772371617564,douyin_browse,29,0,1541596,0,0,13,2,0,3,0
1772371618489,douyin_browse,174,6,1548224,0,0,67,143,0,64,0
1772371619473,douyin_browse,476,208,1542636,0,0,15,183,0,7,0
1772371620280,douyin_browse,569,29,1436960,0,0,37,164,0,27,0
1772371621082,douyin_browse,3,0,1419948,0,0,1,79,0,0,0
1772371621890,douyin_browse,14,0,1419028,0,0,3,3,0,3,0
1772371622791,douyin_browse,244,178,1388852,0,0,2,6,0,0,0
1772371623650,douyin_browse,388,19,1378600,0,0,64,201,0,65,1408
1772371624523,douyin_browse,7633,5569,1372792,0,0,64,1869,0,15,571
1772371625358,douyin_browse,7617,3156,1353132,0,0,90,2794,0,2,6880
1772371626207,douyin_browse,15595,14514,1369420,0,0,18,336,0,5,126
1772371627060,douyin_browse,250,142,1334020,0,0,7,9,0,4,0
1772371627957,douyin_browse,1926,1279,1348920,0,0,1,1,0,1,0
1772371628808,douyin_browse,5,0,1343416,0,0,1,0,0,1,0
1772371629685,douyin_browse,452,208,1329912,0,0,1,3,0,0,0
1772371630550,switch_taobao,64467,16289,1337204,9225,6991,12528,21975,196,14337,16854
1772371631355,switch_taobao,129997,47740,1272256,7099,5370,17181,26095,81,15295,13532
1772371632168,switch_taobao,52992,27662,1285972,0,0,1154,8804,0,421,8694
1772371632879,switch_taobao,5860,4577,1296156,0,0,195,256,0,199,0
1772371633716,switch_taobao,3671,1157,1287368,0,0,450,3143,0,432,0
1772371634440,switch_taobao,10614,6296,1280684,0,0,798,2072,0,1155,0
1772371635206,switch_taobao,31370,14586,1187996,2064,939,6797,11214,18,6425,9036
1772371635954,switch_taobao,58376,34635,1161316,0,0,2438,15851,0,2200,16806
1772371636700,switch_taobao,78636,50756,1153124,0,0,2592,8254,0,2757,14276
1772371637504,douyin_browse,194132,62613,1166396,26036,19470,3047,49477,379,2293,30306
1772371638310,douyin_browse,59621,43712,1301860,0,0,2010,14662,0,1770,2037
1772371639096,douyin_browse,8727,4405,1381792,0,0,528,12585,0,429,0
1772371639841,douyin_browse,5871,1508,1333716,0,0,476,5367,0,414,7
1772371640573,switch_news,77535,18897,1338676,5005,4539,8510,19116,195,8933,20579
1772371641449,switch_news,151563,65961,1463428,5789,4771,31115,40055,14,30099,35396
1772371642285,switch_news,70854,47174,1491596,0,0,1629,8458,0,1357,12595
1772371642995,switch_news,37966,19965,1513676,0,0,2582,10561,0,2414,12056
1772371643637,switch_news,3290,24,1530592,0,0,2266,2052,0,2534,13362
1772371644294,switch_news,16074,111,1652448,0,0,7238,8331,0,6559,0
1772371645000,switch_news,7017,3442,1630228,0,0,1048,1738,0,929,0
1772371645805,switch_news,540,11,1621532,0,0,196,190,0,161,0
1772371646662,switch_news,101,0,1584192,0,0,1640,1635,0,1825,0
1772371647512,douyin_browse,2292,10,1517044,0,0,1084,917,0,653,0
1772371648291,douyin_browse,1051,3,1541812,0,0,935,890,0,1110,0
1772371648942,douyin_browse,2073,13,1548588,0,0,536,613,0,333,0
1772371649728,douyin_browse,116,40,1556420,0,0,41,17,0,15,0
1772371650481,switch_weibo,152,0,1543108,0,0,121,102,0,118,0
1772371651310,switch_weibo,53352,15508,1365848,3429,1956,24250,25521,38,24194,7521
1772371652060,switch_weibo,15872,6773,1399800,0,0,1358,2291,4,1458,3216
1772371652777,switch_weibo,38380,31374,1374432,340,221,645,576,0,161,2879
1772371653511,switch_weibo,2349,888,1376820,0,0,213,215,0,202,5956
1772371654241,switch_weibo,37,0,1417528,0,0,31,76,0,28,18282
1772371654950,switch_weibo,450,118,1461520,0,0,149,159,0,272,15767
1772371655640,switch_weibo,6354,1164,1369316,86,57,1538,2284,2,1422,826
1772371656448,switch_weibo,16266,5118,1321088,134,60,329,3491,0,251,0
1772371657170,switch_weibo,12013,6872,1326632,0,0,170,2279,0,74,1756
1772371657910,douyin_browse,21723,10403,1298324,0,0,597,3756,0,630,7058
1772371658737,douyin_browse,27808,10043,1347976,0,0,896,2383,0,711,3353
1772371659526,douyin_browse,2349,1392,1345996,0,0,287,1308,0,291,260
1772371660321,douyin_browse,1552,972,1302132,0,0,75,69,0,26,0
1772371661103,douyin_browse,5447,3060,1308192,588,344,1069,20558,241,1128,2539
1772371661946,douyin_browse,87154,26623,1333856,16938,12249,1965,12780,7,1382,8317
1772371662736,douyin_browse,30413,26643,1357984,0,0,150,600,0,248,341
1772371663637,douyin_browse,22460,12710,1306368,0,0,581,1623,0,441,3346
1772371664390,douyin_browse,5445,1717,1328796,0,0,33,428,0,27,0
1772371665266,douyin_browse,109,10,1325248,0,0,36,173,0,130,0
1772371666126,douyin_browse,411,0,1325988,0,0,281,998,0,194,0
1772371666886,douyin_browse,903,564,1316744,0,0,89,1174,0,75,171
1772371667759,douyin_browse,3823,1816,1313864,0,0,2149,3623,0,3236,4501
1772371668555,douyin_browse,13966,8967,1326228,0,0,1263,1807,0,100,0
1772371669364,douyin_browse,38,0,1315976,0,0,10,405,0,21,0
1772371670213,douyin_browse,8121,5450,1279356,0,0,576,2207,0,611,238
1772371671061,douyin_browse,5010,2926,1278476,0,0,281,747,0,222,1526
1772371671899,douyin_browse,3851,2961,1287096,0,0,33,284,0,20,0
1772371672722,douyin_browse,274,54,1287528,0,0,69,206,0,77,0
1772371673505,douyin_browse,815,329,1252340,0,0,330,560,0,328,2160
1772371674318,douyin_browse,2860,1527,1245668,0,0,254,432,0,244,4184
1772371675163,douyin_browse,8761,8162,1267188,0,0,13,47,0,14,222
1772371676051,douyin_browse,378,176,1253820,0,0,31,268,0,116,4617
1772371676872,douyin_browse,18075,13519,1266880,0,0,152,1433,0,27,14
1772371677685,douyin_browse,2693,888,1263020,0,0,589,2166,0,566,3139
1772371678529,douyin_browse,13259,10286,1278740,0,0,87,552,0,84,18
1772371679370,douyin_browse,4024,349,1251496,0,0,985,1603,0,959,2249
1772371680178,douyin_browse,3565,2649,1467868,0,0,158,666,0,134,0
1772371681024,douyin_browse,1394,996,1461620,0,0,732,2260,0,855,0
1772371681753,douyin_browse,5755,140,1455872,0,0,206,200,0,24,0
1772371682568,douyin_browse,5,0,1457412,0,0,460,1746,0,1118,0
1772371683298,douyin_browse,57506,2023,1432476,0,0,11784,22468,0,11145,48
1772371684082,douyin_browse,4540,956,1429684,0,0,629,1842,0,352,198
1772371684836,douyin_browse,7140,1362,1417320,0,0,92,831,0,36,0
1772371685667,douyin_browse,821,434,1417732,0,0,10,76,0,7,0
1772371686505,douyin_browse,1788,1114,1419276,0,0,60,1006,0,28,353
1772371687308,douyin_browse,5349,4115,1397024,0,0,164,944,0,178,2
1772371688154,douyin_browse,4481,3187,1411444,0,0,176,2683,0,108,28
1772371688991,douyin_browse,2744,2154,1398184,0,0,12,397,0,15,136
1772371689870,douyin_browse,1610,1114,1393988,0,0,18,45,0,9,1363
1772371690696,douyin_browse,8121,6895,1398124,0,0,44,350,0,28,0
1772371691509,douyin_browse,96,0,1393340,0,0,25,21,0,25,0
1772371692362,douyin_browse,2453,1588,1371796,0,0,327,1981,0,367,57
1772371693194,douyin_browse,1974,702,1357488,0,0,264,437,0,189,590
1772371694055,douyin_browse,6318,4297,1363148,0,0,49,633,0,37,19
1772371694931,douyin_browse,391,293,1364736,0,0,54,58,0,51,0
1772371695756,douyin_browse,141,66,1326860,0,0,1023,2229,0,1023,3661
1772371696638,douyin_browse,17141,8751,1353968,0,0,394,3715,0,330,1835
1772371697471,douyin_browse,8774,7077,1363164,0,0,46,874,0,98,2245
1772371698326,douyin_browse,6436,2740,1328136,0,0,93,496,0,22,0
1772371699126,douyin_browse,1922,575,1324376,0,0,148,273,0,140,1195
1772371699937,douyin_browse,1800,1391,1326168,0,0,10,42,0,10,96
1772371700760,douyin_browse,659,269,1321636,0,0,56,462,0,47,2076
1772371701525,douyin_browse,3468,2919,1324572,0,0,4,14,0,3,0
1772371702354,douyin_browse,3688,1664,1273196,0,0,566,3616,0,521,353
1772371703130,douyin_browse,15092,10281,1221628,227,216,195,1436,5,222,5191
1772371703976,douyin_browse,1605,288,1413332,0,0,80,122,0,22,0
1772371704754,douyin_browse,78,0,1402780,0,0,13,35,0,12,0
1772371705585,douyin_browse,38,7,1405132,0,0,10,209,0,8,0
1772371706434,douyin_browse,1525,370,1389412,0,0,270,3962,0,243,0
1772371707290,douyin_browse,63,0,1399620,0,0,75,505,0,67,0
1772371708095,douyin_browse,221,0,1234080,452,444,2215,4776,12,2948,475
1772371708845,douyin_browse,112176,43209,1322676,0,0,12514,42312,0,12739,12061
1772371709513,douyin_browse,59068,18626,1305500,0,0,11321,14631,0,10687,8702
1772371710271,douyin_browse,70686,30648,1253868,0,0,7169,7157,0,6951,6665
1772371710960,douyin_browse,21829,6986,1299152,0,0,3512,10370,0,3130,1935
1772371711710,douyin_browse,392,7,1294616,0,0,23,24,0,45,0
1772371712550,douyin_browse,4428,677,1446956,0,0,1209,3643,0,1138,1560
1772371713324,douyin_browse,3349,1503,1398448,0,0,72,106,0,69,257
1772371714083,douyin_browse,353,58,1433236,0,0,2,64,0,1,12692
1772371714847,douyin_browse,3,0,1461220,0,0,1,73,0,0,8559
1772371715697,douyin_browse,34,0,1463136,0,0,26,43,0,60,0
1772371716510,douyin_browse,1891,1065,1444068,0,0,53,440,0,10,0
1772371717358,douyin_browse,2454,847,1515488,0,0,471,6489,0,450,0
1772371718250,douyin_browse,4897,2578,1491976,0,0,278,2304,0,203,0
1772371719034,douyin_browse,405,326,1505688,0,0,47,91,0,41,29
1772371719816,douyin_browse,138,0,1483776,0,0,1,1,0,25,0
1772371720650,douyin_browse,53,0,1494728,0,0,29,805,0,978,0
1772371721500,douyin_browse,897,75,1486096,0,0,1040,464,0,64,1110
1772371722357,switch_gifmaker,105473,40731,1569636,961,624,16868,44326,61,19207,13135
1772371723203,switch_gifmaker,139355,57997,1393820,7143,5844,19263,25255,71,16972,15019
1772371724070,switch_gifmaker,35131,6219,1179940,0,0,23297,27459,0,21876,2307
1772371724729,switch_gifmaker,77056,60085,1267496,540,411,1278,3715,8,983,24639
1772371725522,switch_gifmaker,15064,11942,1341060,0,0,663,700,0,511,69
1772371726201,switch_gifmaker,4582,2611,1339800,0,0,583,2270,0,260,5956
1772371726965,switch_gifmaker,18001,10418,1392964,0,0,2291,7659,0,2643,1014
1772371727721,switch_gifmaker,13038,5851,1388808,0,0,1009,1902,0,515,538
1772371728500,switch_gifmaker,9951,5328,1316276,0,0,620,2776,0,542,6674
1772371729282,douyin_browse,71140,35962,1401900,0,0,4630,22251,119,3968,22136
1772371730161,douyin_browse,72731,18672,1426712,12431,10428,1154,3413,111,1157,439
1772371730797,douyin_browse,6039,2146,1509984,0,0,1287,4992,0,1330,96
1772371731564,douyin_browse,2573,1457,1475196,0,0,273,816,0,139,100
1772371732311,switch_bili,6631,3651,1428308,0,0,2195,4781,6,3996,1943
1772371733089,switch_bili,87004,27854,1564392,444,267,13848,20286,0,11652,3891
1772371733741,switch_bili,9480,2472,1546512,0,0,872,18583,0,963,1434
1772371734413,switch_bili,8496,3953,1709656,0,0,969,2269,0,679,17780
1772371735164,switch_bili,488,166,1752052,0,0,8,503,0,7,8638
1772371735957,switch_bili,1901,835,1730624,0,0,306,695,0,287,0
1772371736765,switch_bili,7645,2448,1719424,0,0,1032,4522,0,1072,0
1772371737563,switch_bili,5900,3087,1570544,0,423,2987,3422,8,3029,7521
1772371738442,switch_bili,23544,10903,1590620,438,0,474,1513,0,408,1047
1772371739180,douyin_browse,24153,11679,1570344,0,0,664,4365,0,1135,16779
1772371740106,douyin_browse,79753,34369,1560280,0,0,5657,7636,0,5125,10409
1772371740901,douyin_browse,9930,4548,1508860,0,0,177,180,0,107,1364
1772371741649,douyin_browse,4643,3261,1588572,0,0,267,6546,0,316,1324
1772371742385,douyin_browse,6152,4386,1568748,0,0,185,178,0,110,0
1772371743270,switch_searchbox,80987,28874,1495704,7693,5213,2534,8260,112,2245,22099
1772371744122,switch_searchbox,135804,26778,1643208,21226,19602,3588,30604,442,3597,16773
1772371745182,switch_searchbox,113327,18581,1576900,3599,2383,1677,4328,8,1178,4122
1772371745973,switch_searchbox,116955,36510,1378876,8645,5868,840,21340,117,570,13210
1772371746778,switch_searchbox,102064,36160,1272360,3063,1838,830,17001,33,778,12659
1772371747635,switch_searchbox,98949,35944,1205656,5214,2884,781,11276,143,393,15265
1772371748527,switch_searchbox,114353,37839,1099824,7663,3733,342,7074,0,93,15784
1772371749382,douyin_browse,35914,16040,1072476,0,359,67,1119,6,61,15464
1772371750220,douyin_browse,238871,50141,1324220,15270,9866,6666,98456,196,7962,27465
1772371751340,douyin_browse,137658,15761,1848816,0,0,3438,16212,0,1048,0
1772371751963,douyin_browse,7134,2795,1837184,0,0,1449,5894,0,1523,0
1772371752658,douyin_browse,3230,887,1804376,0,0,474,821,0,388,0
1772371753432,douyin_browse,15184,5906,1876360,0,0,3744,11976,0,3632,0
1772371754178,douyin_browse,8277,1758,1840984,0,0,3148,10059,0,2982,0
1772371754929,douyin_browse,68608,3021,1907392,0,0,3366,27759,0,3305,3455
1772371755653,douyin_browse,135891,34770,1885752,8956,8284,2904,41357,134,2619,19758
1772371756498,douyin_browse,64526,16761,1849652,44,0,2103,9512,0,1943,3164
1772371757259,douyin_browse,10631,3423,1885656,0,0,319,508,0,191,1559
1772371757968,douyin_browse,4316,1102,1943596,0,0,568,1707,0,558,293
1772371758656,douyin_browse,13184,8041,1937048,0,0,2337,9248,0,2219,4919
1772371759318,douyin_browse,13389,11020,1939084,0,0,177,782,0,158,6165
1772371760146,douyin_browse,3651,1699,1912312,0,0,272,3635,0,244,3015
1772371760869,douyin_browse,8457,4580,1970188,0,0,1281,2936,0,1273,13889
1772371761609,douyin_browse,1455,256,1995364,0,0,311,619,0,545,6549
1772371762430,douyin_browse,6819,546,1970328,0,0,2711,9337,0,2392,0
1772371763154,douyin_browse,572,56,1965720,0,0,396,1266,0,600,0
1772371763904,douyin_browse,19501,9810,1922388,0,0,1949,5911,0,1661,11323
1772371764592,douyin_browse,3307,467,1911348,0,0,4992,6539,0,10534,5918
1772371765404,douyin_browse,40615,17159,2049804,0,0,16802,18210,0,11289,3862
1772371766172,douyin_browse,3356,1144,2055744,0,0,305,2245,0,206,0
1772371766955,douyin_browse,846,172,2025292,0,0,370,3764,0,770,0
1772371767795,douyin_browse,3084,1669,2020612,0,0,678,1676,0,209,0
1772371768650,douyin_browse,114,0,2019816,0,0,183,311,0,177,0
1772371769526,douyin_browse,49,0,1998992,0,0,28,289,0,41,0
1772371770406,douyin_browse,2175,1042,1991544,0,0,39,261,0,24,0
1772371771242,douyin_browse,925,192,2015280,0,0,609,5972,0,553,0
1772371772064,douyin_browse,391,175,1973388,0,0,226,550,0,169,0
1772371772950,douyin_browse,108,0,1975052,0,0,81,36,0,66,43
1772371773805,douyin_browse,1700,474,1945340,0,0,297,596,0,289,2140
1772371774617,douyin_browse,7632,6322,1957996,0,0,156,755,0,163,1326
1772371775387,douyin_browse,7496,3942,1923732,0,0,2217,3585,0,2177,3426
1772371776188,douyin_browse,13198,9911,1929784,0,0,300,520,0,352,1150
1772371777090,douyin_browse,4675,2629,1925156,0,0,101,246,0,42,41
1772371778044,douyin_browse,377,5,1911656,0,0,60,47,0,40,0
1772371778933,douyin_browse,757,318,1928316,0,0,95,123,0,97,0
1772371779870,douyin_browse,253,0,1910552,0,0,69,762,0,60,1535
1772371780701,douyin_browse,6610,4239,1927120,0,0,144,1014,0,133,0
1772371781530,douyin_browse,1426,158,1931548,0,0,695,1611,0,855,290
1772371782377,douyin_browse,3956,978,1926624,0,0,609,988,0,434,316
1772371783281,douyin_browse,2325,651,1935444,0,0,73,276,0,66,0
1772371784181,douyin_browse,91,6,1935192,0,0,102,961,0,120,102
1772371785036,douyin_browse,1443,356,1925444,0,0,129,700,0,99,0
1772371785966,douyin_browse,385,46,2023180,0,0,80,156,0,73,0
1772371786791,douyin_browse,304,239,2021796,0,0,23,43,0,20,0
1772371787658,douyin_browse,53,0,2027076,0,0,11,11,0,40,0
1772371788532,douyin_browse,1129,430,1889788,0,0,356,3311,0,291,1108
1772371789410,douyin_browse,3767,1793,1894644,0,0,136,161,0,128,1869
1772371790340,douyin_browse,38581,11425,1901916,0,0,1549,7255,0,1504,2137
1772371791202,douyin_browse,1713,728,1901836,0,0,4,4,0,6,0
1772371792065,douyin_browse,19,0,1900144,0,0,4,37,0,1,0
1772371793006,douyin_browse,1183,16,1893464,0,0,4312,4625,0,4339,2248
1772371793900,douyin_browse,12190,8052,1907524,0,0,112,648,0,68,0
1772371794753,douyin_browse,168,1,1922024,0,0,188,1170,0,175,0
1772371795608,douyin_browse,213,132,1918364,0,0,21,23,0,20,0
1772371796526,douyin_browse,1769,447,1924268,0,0,376,1039,0,281,0
1772371797284,douyin_browse,198,25,1917960,0,0,282,54,0,110,0
1772371798190,douyin_browse,285,0,1923220,0,0,105,100,0,46,0
1772371799017,douyin_browse,827,0,1918300,0,0,75,72,0,115,0
1772371799880,douyin_browse,59,0,1908284,0,0,156,184,0,325,0
1772371800736,douyin_browse,40718,341,1962604,0,0,12105,12472,0,12935,4609
1772371801466,douyin_browse,22462,178,1931644,0,0,9082,9252,0,9018,6654
1772371802260,douyin_browse,13349,112,1938828,0,0,4656,4343,0,3470,0
1772371803173,douyin_browse,2056,822,1937920,0,0,87,330,0,122,0
1772371804039,douyin_browse,343,3,1916744,0,0,245,250,0,406,0
1772371804934,douyin_browse,409,0,1925132,0,0,347,334,0,182,0
1772371805779,douyin_browse,432,0,1927676,0,0,167,167,0,115,0
1772371806676,douyin_browse,983,10,1914468,0,0,501,458,0,479,0
1772371807562,douyin_browse,198,0,1912988,0,0,36,28,0,6,0
1772371808344,douyin_browse,78,4,1911604,0,0,19,2,0,10,0
1772371809149,douyin_browse,48,7,1909068,0,0,7,15,0,12,0
1772371809985,douyin_browse,342,20,1898708,0,0,91,84,0,85,0
1772371810738,douyin_browse,2017,0,1894152,0,0,259,236,0,309,0
1772371811590,douyin_browse,52,0,1885732,0,0,105,95,0,7,0
1772371812491,douyin_browse,27,0,1888964,0,0,13,4,0,11,0
1772371813362,douyin_browse,36,0,1904688,0,0,126,130,0,124,0
1772371814239,douyin_browse,36,0,1903288,0,0,6,6,0,7,0
1772371815130,switch_weibo,11,0,1866676,0,0,4256,10726,0,6337,0
1772371815916,switch_weibo,21857,348,1803320,0,0,25043,27319,0,22544,882
1772371816733,switch_weibo,20798,12900,1804112,0,0,974,979,0,833,4950
1772371817488,switch_weibo,3946,344,1799076,0,0,116,118,0,171,0
1772371818267,switch_weibo,460,0,1799116,0,0,151,167,0,117,0
1772371819061,switch_weibo,1311,735,1798308,0,0,67,69,0,28,0
1772371819888,switch_weibo,2753,16,1785440,0,0,4944,4940,0,4978,0
1772371820628,switch_weibo,6001,1327,1790484,0,0,792,870,0,718,1267
1772371821393,switch_weibo,11122,3807,1743824,0,0,437,435,0,434,0
1772371822190,douyin_browse,2179,370,1713720,0,0,809,1215,0,1498,5590
1772371823124,douyin_browse,28791,5845,1779944,0,0,1101,1485,0,325,0
1772371823861,douyin_browse,165,3,1803356,0,0,38,57,0,35,40
1772371824583,douyin_browse,747,674,1803052,0,0,3,49,0,2,0
1772371825335,switch_mm,103,0,1795964,0,0,104,102,0,105,0
1772371826159,switch_mm,41459,10602,1734920,2699,1668,9664,14362,30,9356,3331
1772371826801,switch_mm,85,0,1764804,0,0,379,87,0,124,0
1772371827518,switch_mm,187,0,1775740,0,0,99,96,0,58,0
1772371828253,switch_mm,162,0,1754668,0,0,110,107,0,101,0
1772371828974,switch_mm,44,0,1762872,0,0,27,26,0,23,0
1772371829703,switch_mm,12,0,1761808,0,0,37,41,0,56,0
1772371830433,switch_mm,132,0,1747360,0,0,85,70,0,65,0
1772371831186,switch_mm,23,0,1759228,0,0,34,38,0,28,0
1772371831958,switch_mm,68,0,1754288,0,0,51,50,0,49,0
1772371832714,douyin_browse,455,0,1704920,0,0,516,462,0,465,0
1772371833453,douyin_browse,273,4,1727124,0,0,298,245,0,233,0
1772371834189,douyin_browse,66,3,1717656,0,0,47,46,0,47,0
1772371834941,douyin_browse,153,0,1724332,0,0,109,99,0,97,0
1772371835705,switch_pinduoduo,61,0,1682544,0,0,41,410,0,1255,0
1772371836513,switch_pinduoduo,26208,1756,1493596,0,0,16521,20136,4,14956,3220
1772371837325,switch_pinduoduo,11763,3024,1559324,320,316,359,1235,0,369,569
1772371838148,switch_pinduoduo,18311,15248,1526928,0,0,26,670,0,141,2320
1772371839034,switch_pinduoduo,6631,3876,1515212,0,0,583,1291,0,661,3996
1772371839916,switch_pinduoduo,12111,7484,1529100,0,0,511,1035,0,1042,3839
1772371840798,switch_pinduoduo,14734,7673,1487908,0,0,1047,1134,0,369,0
1772371841614,switch_pinduoduo,7703,4984,1473548,0,0,105,153,0,78,6453
1772371842460,douyin_browse,8711,6922,1464028,0,0,41,61,0,75,0
1772371843305,douyin_browse,2609,1299,1466704,0,0,345,343,0,308,0
1772371844042,douyin_browse,54,0,1467036,0,0,68,78,0,63,0
1772371844816,douyin_browse,66,0,1487304,0,0,42,16,0,40,0
1772371845567,douyin_browse,17,1,1489196,0,0,2,26,0,1,0
1772371846311,douyin_browse,111,2,1508912,0,0,135,449,0,99,0
1772371847013,douyin_browse,6389,1109,1456492,0,0,1945,2578,0,2022,5193
1772371847773,douyin_browse,12476,7697,1558436,0,0,327,574,0,174,0
1772371848567,douyin_browse,369,9,1551812,0,0,31,51,0,28,0
1772371849451,douyin_browse,8,0,1549144,0,0,3,28,0,1,0
1772371850338,douyin_browse,13,0,1543720,0,0,13,36,0,13,0
1772371851187,douyin_browse,102,0,1547096,0,0,30,36,0,31,0
1772371852051,douyin_browse,86,0,1544808,0,0,16,89,0,11,0
1772371852922,douyin_browse,1697,536,1526200,0,0,150,877,0,85,5120
1772371853786,douyin_browse,8368,7153,1544524,0,0,7,106,0,6,0
1772371854629,douyin_browse,285,91,1551064,0,0,8,8,0,9,6361
1772371855451,douyin_browse,1173,620,1584028,0,0,10,113,0,6,11535
1772371856315,douyin_browse,123,13,1583672,0,0,37,103,0,33,0
1772371857164,douyin_browse,1082,82,1567192,0,0,774,1079,0,744,0
1772371858007,douyin_browse,264,129,1584680,0,0,10,16,0,8,0
1772371858853,douyin_browse,624,122,1556044,0,0,16,100,0,9,423
1772371859712,douyin_browse,4491,3584,1523728,0,0,6,50,0,5,59
1772371860638,douyin_browse,4841,2752,1525320,0,0,5,135,0,2,0
1772371861569,douyin_browse,145,0,1505760,0,0,43,69,0,45,0
1772371862421,douyin_browse,103,0,1506924,0,0,91,126,0,112,1487
1772371863306,douyin_browse,13777,10602,1480824,0,0,118,2083,0,29,6080
1772371864182,douyin_browse,14111,12040,1491164,0,0,27,1002,0,0,944
1772371865043,douyin_browse,3852,3090,1492728,0,0,27,957,0,1,0
1772371865954,douyin_browse,16,0,1491468,0,0,7,122,0,6,4
1772371866841,douyin_browse,10216,5720,1493436,0,0,29,457,0,30,1159
1772371867703,douyin_browse,3938,2689,1477948,0,0,111,1598,0,29,349
1772371868517,douyin_browse,3003,2195,1470052,0,0,12,400,0,1,1392
1772371869395,douyin_browse,4606,2612,1457580,0,0,12,97,0,7,0
1772371870272,douyin_browse,556,119,1440784,0,0,18,146,0,1,1049
1772371871135,douyin_browse,2809,2362,1470416,0,0,9,25,0,5,0
1772371871989,douyin_browse,190,0,1589084,0,0,46,537,0,37,0
1772371872839,douyin_browse,95,0,1513764,0,0,190,545,0,176,0
1772371873683,douyin_browse,30,0,1533692,0,0,48,48,0,48,0
1772371874501,douyin_browse,1,0,1531172,0,0,27,11,0,27,0
1772371875373,douyin_browse,89,0,1529268,0,0,3,22,0,1,0
1772371876228,douyin_browse,52,0,1561356,0,0,51,204,0,44,0
1772371877058,douyin_browse,51,0,1568248,0,0,28,106,0,20,0
1772371877930,douyin_browse,94,0,1566772,0,0,31,31,0,32,0
1772371878765,douyin_browse,22,0,1548148,0,0,14,14,0,11,0
1772371879648,douyin_browse,39,0,1532252,0,0,11,85,0,13,0
1772371880532,douyin_browse,36,0,1498708,0,0,31,39,0,20,1781
1772371881367,douyin_browse,4070,2902,1498992,0,0,2,2,0,3,0
1772371882229,douyin_browse,73,0,1502296,0,0,16,75,0,13,0
1772371883080,douyin_browse,20,0,1498704,0,0,26,41,0,10,0
1772371883978,douyin_browse,175,33,1499836,0,0,24,24,0,25,0
1772371884916,douyin_browse,200,0,1480148,0,0,3,2,0,2,0
1772371885873,douyin_browse,198,0,1501600,0,0,90,162,0,53,0
1772371886737,douyin_browse,20,0,1468892,0,0,253,15,0,11,0
1772371887598,douyin_browse,0,0,1463412,0,0,29,8,0,1,0
1772371888467,douyin_browse,182,5,1457104,0,0,71,61,0,67,0
1772371889365,douyin_browse,7,0,1464420,0,0,3,8,0,1,0
1772371890264,douyin_browse,0,0,1449452,0,0,1,0,0,1,0
1772371891105,douyin_browse,45,0,1411044,0,0,40,36,0,37,0
1772371891931,douyin_browse,6,0,1433780,0,0,0,2,0,0,0
1772371892751,douyin_browse,3,0,1405600,0,0,87,60,0,1148,0
1772371893553,douyin_browse,9297,64,1561736,0,0,3331,3394,0,2192,0
1772371894352,douyin_browse,96,0,1566988,0,0,21,17,0,17,0
1772371895191,douyin_browse,4,0,1585720,0,0,92,69,0,63,0
1772371896026,douyin_browse,42,0,1549328,0,0,53,194,0,2781,0
1772371896912,douyin_browse,26645,12761,1484952,0,0,6109,7119,0,2905,6627
1772371897736,douyin_browse,16839,10535,1503268,0,0,94,534,0,107,0
1772371898593,douyin_browse,211,52,1494504,0,0,61,325,0,30,0
1772371899403,douyin_browse,167,21,1484076,0,0,77,555,0,67,0
1772371900250,douyin_browse,233,132,1450908,0,0,72,86,0,41,882
1772371901095,douyin_browse,3117,1986,1446100,0,0,14,21,0,9,0
1772371901936,douyin_browse,703,193,1447872,0,0,52,47,0,53,0
1772371902808,douyin_browse,765,332,1448256,0,0,16,129,0,35,0
1772371903537,douyin_browse,2199,483,1450300,0,0,427,412,0,348,477
1772371904214,douyin_browse,8062,4619,1441732,0,0,20,27,0,18,537
1772371904911,douyin_browse,8333,2995,1455200,0,0,159,2696,0,65,3244
1772371905633,douyin_browse,18238,7650,1452984,0,0,162,6262,0,25,239
1772371906274,douyin_browse,22353,13019,1462208,0,0,111,1251,0,15,7598
1772371906955,douyin_browse,316,84,1458412,0,0,13,14,0,11,0
1772371907653,douyin_browse,4,0,1457224,0,0,5,4,0,17,0
1772371908373,douyin_browse,1755,696,1458172,0,0,24,518,0,1,785
1772371909077,douyin_browse,3299,1578,1452208,0,0,270,519,0,385,4121
1772371909847,switch_mm,8940,6253,1422164,0,0,73,1124,0,66,13224
1772371910742,switch_mm,89834,33071,1541064,7620,4821,731,14906,102,433,425
1772371911485,switch_mm,12088,3211,1579232,0,0,277,7856,0,209,747
1772371912194,switch_mm,5138,3752,1599236,0,0,160,160,0,19,40
1772371912934,switch_mm,815,285,1597864,0,0,210,378,0,149,635
1772371913663,switch_mm,3225,1786,1596356,0,0,26,433,0,14,465
1772371914429,switch_mm,3569,1386,1579356,0,0,61,213,0,36,674
1772371915205,switch_mm,1369,502,1596644,0,0,15,512,0,6,0
1772371915906,switch_mm,447,149,1592280,0,0,63,146,0,16,0
1772371916622,douyin_browse,89,0,1590860,0,0,205,65,0,65,0
1772371917399,douyin_browse,1221,27,1513996,0,0,1978,1602,0,1617,0
1772371918143,douyin_browse,39,0,1539492,0,0,58,62,0,24,0
1772371918915,douyin_browse,8,0,1547236,0,0,4,3,0,4,0
1772371919683,douyin_browse,11,0,1525796,0,0,5,1,0,5,0
1772371920472,switch_searchbox,23817,138,1450988,0,0,13361,13766,0,14781,545
1772371921289,switch_searchbox,47644,17512,1471144,0,0,7797,7778,0,5914,7159
1772371921989,switch_searchbox,16246,11210,1592848,0,0,397,659,0,403,489
1772371922770,switch_searchbox,319,160,1559280,0,0,57,52,0,44,0
1772371923607,switch_searchbox,22,0,1578352,0,0,7,8,0,6,0
1772371924510,switch_searchbox,177,0,1567096,0,0,2477,2879,0,2613,0
1772371925333,switch_searchbox,3713,558,1550252,0,0,1245,1590,0,1529,31
1772371926164,switch_searchbox,14825,3801,1466080,0,0,7859,8275,0,7434,4
1772371927017,douyin_browse,3222,2233,1499560,0,0,275,236,0,1018,1238
1772371927870,douyin_browse,20475,3674,1616048,0,0,982,2261,0,389,1667
1772371928646,douyin_browse,2286,137,1653184,0,0,278,436,0,30,0
1772371929427,douyin_browse,139,103,1672512,0,0,71,85,0,81,0
1772371930184,douyin_browse,325,185,1667004,0,0,19,66,0,4,0
1772371931029,switch_mm,866,4,1617524,0,0,243,471,0,192,0
1772371931763,switch_mm,415,120,1672448,0,0,45,760,0,23,0
1772371932514,switch_mm,766,314,1662556,0,0,56,96,0,50,0
1772371933296,switch_mm,30,0,1678396,0,0,4,2,0,4,0
1772371934029,switch_mm,5,0,1691684,0,0,6,34,0,5,0
1772371934812,switch_mm,11,0,1710100,0,0,4,4,0,4,10665
1772371935504,switch_mm,1136,491,1726524,0,0,21,349,0,2,6764
1772371936315,switch_mm,0,0,1742932,0,0,0,0,0,0,0
1772371937096,douyin_browse,0,0,1707516,0,0,38,0,0,75,0
1772371937818,douyin_browse,1788,156,1679348,0,0,116,583,0,53,0
1772371938585,douyin_browse,163,0,1714492,0,0,197,212,0,186,0
1772371939359,douyin_browse,346,305,1696868,0,0,18,22,0,16,0
1772371940170,douyin_browse,45,0,1708312,0,0,9,120,0,12,0
1772371940990,douyin_browse,5038,2831,1697972,0,0,151,1246,0,66,0
1772371941833,douyin_browse,638,370,1705980,0,0,13,12,0,10,0
1772371942660,douyin_browse,715,400,1699644,0,0,14,130,0,7,0
1772371943577,douyin_browse,4,0,1700720,0,0,1,74,0,3,0
1772371944452,douyin_browse,1464,441,1607204,0,0,88,375,0,59,3080
1772371945319,douyin_browse,10902,6843,1634740,0,0,17,69,0,16,0
1772371946163,douyin_browse,1652,690,1631680,0,0,77,1,0,0,0
1772371946884,douyin_browse,0,0,1621160,0,0,222,1,0,1,0
1772371947773,douyin_browse,8,0,1620724,0,0,2,1,0,1,0
1772371948691,douyin_browse,0,0,1620452,0,0,0,0,0,0,0
1772371949592,douyin_browse,19,0,1618168,0,0,9,6,0,9,0
1772371950470,douyin_browse,174,3,1614164,0,0,363,259,0,268,0
1772371951286,douyin_browse,18,0,1609732,0,0,12,15,0,3,0
1772371952102,douyin_browse,49,0,1588276,0,0,45,32,0,22,0
1772371952987,douyin_browse,21,0,1565352,0,0,20,9,0,46,0
1772371953828,douyin_browse,78,0,1563792,0,0,41,37,0,0,0
1772371954693,douyin_browse,20,0,1565656,0,0,6,4,0,4,0
1772371955556,douyin_browse,29,0,1564740,0,0,112,84,0,345,0
1772371956323,douyin_browse,345,4,1553252,0,0,558,487,0,236,0
1772371957141,douyin_browse,23,0,1548768,0,0,60,21,0,6,0
1772371957876,douyin_browse,10,1,1695436,0,0,11,16,0,28,0
1772371958552,douyin_browse,100,0,1693648,0,0,161,138,0,127,0
1772371959265,douyin_browse,23,0,1651840,0,0,34,28,0,27,0
1772371959930,douyin_browse,5,0,1642884,0,0,2,2,0,1,0
1772371960614,douyin_browse,89,0,1639032,0,0,185,184,0,185,0
1772371961324,douyin_browse,578,1,1690740,0,0,912,817,0,826,0
1772371961944,douyin_browse,23,0,1689476,0,0,24,32,0,22,0
1772371962662,douyin_browse,18,0,1687984,0,0,30,30,0,30,0
1772371963406,douyin_browse,2,0,1686476,0,0,4,0,0,0,0
1772371964220,douyin_browse,0,0,1695864,0,0,3,0,0,0,0
1772371965117,douyin_browse,95,0,1693492,0,0,16,14,0,16,0
1772371966013,douyin_browse,95,0,1688144,0,0,25,23,0,25,0
1772371966880,douyin_browse,21,0,1683844,0,0,11,11,0,10,0
1772371967689,douyin_browse,63,0,1688204,0,0,83,71,0,579,0
1772371968486,douyin_browse,985,10,1703096,0,0,517,514,0,3,0
1772371969308,douyin_browse,0,0,1709384,0,0,6,0,0,0,0
1772371970131,douyin_browse,57,0,1697892,0,0,14,10,0,10,0
1772371971001,douyin_browse,35,0,1692556,0,0,12,9,0,9,0
1772371971934,douyin_browse,0,0,1668172,0,0,6,6,0,9,0
1772371972823,douyin_browse,77,0,1662256,0,0,37,30,0,27,0
1772371973679,douyin_browse,3,0,1678868,0,0,2,0,0,0,0
1772371974523,douyin_browse,0,0,1673204,0,0,0,0,0,0,0
1772371975422,douyin_browse,10,0,1678924,0,0,8,1,0,8,0
1772371976355,douyin_browse,42,0,1664436,0,0,30,26,0,22,0
1772371977210,douyin_browse,17,0,1612156,0,0,11,6,0,10,0
1772371978042,douyin_browse,26,0,1615600,0,0,1,7,0,0,0
1772371978872,douyin_browse,0,0,1611728,0,0,0,0,0,0,0
1772371979777,douyin_browse,9,0,1605536,0,0,2,0,0,1,0
1772371980616,douyin_browse,39,0,1731992,0,0,9,9,0,8,0
1772371981498,douyin_browse,0,0,1739180,0,0,1,0,0,0,0
1772371982287,douyin_browse,36,0,1645600,0,0,37,29,0,29,0
1772371983120,douyin_browse,22,4,1658864,0,0,8,7,0,34,0
1772371983979,douyin_browse,24,0,1651540,0,0,34,34,0,7,0
1772371984798,douyin_browse,18,0,1633236,0,0,5,5,0,5,0
1772371985667,douyin_browse,26,0,1635316,0,0,10,10,0,10,0
1772371986620,douyin_browse,76,0,1621968,0,0,31,15,0,17,0
1772371987531,douyin_browse,69,0,1650164,0,0,71,50,0,53,0
1772371988334,douyin_browse,21,0,1614760,0,0,11,11,0,4,0
1772371989258,douyin_browse,0,0,1603740,0,0,1,0,0,20,0
1772371990125,douyin_browse,597,0,1605944,0,0,53,52,0,32,0
1772371990943,douyin_browse,70,0,1601188,0,0,46,46,0,46,0
1772371991826,douyin_browse,0,0,1596036,0,0,1,0,0,1,0
1772371992717,douyin_browse,149,0,1561636,0,0,197,185,0,186,0
1772371993610,douyin_browse,18,0,1555632,0,0,0,2,0,0,0
1772371994479,douyin_browse,0,0,1553688,0,0,0,0,0,0,0
1772371995386,douyin_browse,6,0,1551328,0,0,3,3,0,3,0
1772371996228,douyin_browse,0,0,1534704,0,0,0,0,0,0,0
1772371997110,douyin_browse,4,0,1526012,0,0,2,2,0,2,0
1772371997965,douyin_browse,0,0,1522844,0,0,1,0,0,15,0
1772371998817,douyin_browse,52,0,1523688,0,0,54,46,0,33,0
1772371999660,douyin_browse,0,0,1539940,0,0,557,582,0,557,0
1772372000510,douyin_browse,342,1,1540796,0,0,4,3,0,3,0
1772372001442,douyin_browse,0,0,1541508,0,0,1,0,0,0,0
1772372002296,douyin_browse,5,0,1539752,0,0,2,1,0,1,0
1772372003259,douyin_browse,0,0,1527548,0,0,4,0,0,0,0
1772372004094,switch_minimap,0,0,1527204,0,0,0,0,0,12,0
1772372005003,switch_minimap,37778,3279,1397120,0,0,17494,20594,0,17295,7785
1772372005887,switch_minimap,69354,30364,1461184,0,0,285,305,0,217,6955
1772372006675,switch_minimap,86,0,1467780,0,0,199,28,0,16,0
1772372007582,switch_minimap,127,3,1470012,0,0,130,42,0,66,0
1772372008512,switch_minimap,86,0,1485432,0,0,94,81,0,77,0
1772372009452,switch_minimap,155,0,1479216,0,0,46,57,0,75,0
1772372010376,switch_minimap,165,0,1470064,0,0,98,82,0,47,0
1772372011334,douyin_browse,73,0,1428476,0,0,36,102,0,156,0
1772372012160,douyin_browse,165,0,1587504,0,0,276,144,0,64,0
1772372012974,douyin_browse,662,21,1657796,0,0,418,416,0,413,0
1772372013839,douyin_browse,222,0,1656912,0,0,7,6,0,5,0
1772372014671,switch_news,37,0,1628264,0,0,9,8,0,10,0
1772372015514,switch_news,7569,1329,1478608,0,0,513,213,11,190,3774
1772372016308,switch_news,86954,34357,1430336,1563,1234,1127,2310,21,787,25435
1772372017122,switch_news,88256,42383,1397536,2151,1078,372,5535,7,126,13802
1772372017915,switch_news,30744,10479,1324592,3835,1792,779,3840,35,759,18944
1772372018814,switch_news,204502,40113,1621388,38235,23692,3856,25809,475,3352,20035
1772372019710,switch_news,21390,6279,1439940,0,121,773,17658,2,212,9164
1772372020587,switch_news,48252,26723,1434668,2572,2257,354,3822,54,279,17894
1772372021432,switch_news,86909,41748,1682512,0,0,229,6832,0,98,19782
1772372022187,douyin_browse,68249,17245,1645304,8677,5177,749,30876,103,283,14229
1772372022971,douyin_browse,98708,44289,1694828,675,256,419,8256,0,242,15371
1772372023683,douyin_browse,24827,7750,1737780,0,0,171,4107,0,53,1
1772372024426,douyin_browse,5293,3888,1735896,0,0,107,1210,0,68,0
1772372025275,switch_news,10040,1413,1748244,0,0,4445,15584,0,5116,9980
1772372026057,switch_news,83602,26412,1726224,1451,866,20484,31750,15,19290,10027
1772372026843,switch_news,14231,5198,1732796,0,0,256,5431,0,28,1259
1772372027641,switch_news,2045,703,1730104,0,0,98,258,0,92,670
1772372028485,switch_news,31519,23067,1733852,0,0,2156,19268,0,2061,5979
1772372029209,switch_news,5873,3188,1699248,0,0,118,574,0,141,4193
1772372030081,switch_news,48634,39647,1646464,0,0,774,9346,0,703,6953
1772372030874,switch_news,34483,22600,1527880,0,0,118,1428,0,36,4747
1772372031672,switch_news,33784,24906,1627160,0,0,227,947,0,189,464
1772372032426,douyin_browse,63400,12531,1603872,975,837,1341,31994,15,1548,14556
1772372033251,douyin_browse,34123,7378,1710056,0,0,1434,3892,0,763,11800
1772372034016,douyin_browse,31662,25697,1711652,0,0,16,770,0,2,797
1772372034781,douyin_browse,2072,1288,1722884,0,0,235,3345,0,196,4325
1772372035498,douyin_browse,13389,7957,1731196,0,0,421,7131,0,908,6645
1772372036319,douyin_browse,30737,14423,1739120,0,0,1805,5811,0,831,0
1772372037148,douyin_browse,3451,2811,1734340,0,0,202,157,0,86,0
1772372037951,douyin_browse,59,0,1731964,0,0,80,81,0,122,0
1772372038765,douyin_browse,377,0,1754656,0,0,150,136,0,80,14117
1772372039617,douyin_browse,9,0,1804600,0,0,8,14,0,0,14243
1772372040425,douyin_browse,328,23,1776280,0,0,581,439,0,699,0
1772372041281,douyin_browse,521,13,1668540,0,0,335,460,0,96,0
1772372042126,douyin_browse,20,4,1648980,0,0,40,779,0,2076,0
1772372043021,douyin_browse,9387,43,1745716,0,0,10293,9587,0,8219,0
1772372043909,douyin_browse,43,0,1715528,0,0,3,2,0,2,0
1772372044833,douyin_browse,27,0,1704004,0,0,64,62,0,63,0
1772372045775,douyin_browse,300,31,1704380,0,0,51,39,0,38,0
1772372046623,douyin_browse,166,0,1696228,0,0,324,371,0,271,0
1772372047392,douyin_browse,308,0,1658220,0,0,128,215,0,89,0
1772372048286,douyin_browse,64,0,1653744,0,0,49,54,0,49,0
1772372049134,douyin_browse,86,0,1583784,0,0,88,82,0,83,0
1772372049985,douyin_browse,182,0,1596048,0,0,167,164,0,198,0
1772372050787,douyin_browse,302,2,1602584,0,0,158,222,0,61,0
1772372051626,douyin_browse,48,0,1602968,0,0,21,44,0,26,0
1772372052449,douyin_browse,9,0,1579320,0,0,12,12,0,11,0
1772372053306,douyin_browse,79,0,1575980,0,0,66,44,0,123,0
1772372054096,douyin_browse,408,19,1561056,0,0,289,207,0,190,0
1772372054991,douyin_browse,149,0,1578948,0,0,120,203,0,94,0
1772372055810,douyin_browse,2153,1,1577160,0,0,720,952,0,624,0
1772372056626,douyin_browse,1713,5,1571280,0,0,802,722,0,797,0
1772372057473,douyin_browse,667,11,1572316,0,0,60,110,0,41,0
1772372058337,douyin_browse,38,0,1574040,0,0,8,9,0,4,0
1772372059306,douyin_browse,63,0,1575748,0,0,67,52,0,63,0
1772372060186,douyin_browse,49,0,1576036,0,0,56,129,0,61,0
1772372061053,douyin_browse,17,0,1584756,0,0,12,11,0,3,0
1772372061910,douyin_browse,19,0,1582300,0,0,12,13,0,13,0
1772372062737,douyin_browse,33,0,1580308,0,0,21,14,0,15,0
1772372063664,douyin_browse,32,0,1578880,0,0,7,7,0,6,0
